---------------------------------------------------------------
-------------Colegios electorales------------------------------
---------------------------------------------------------------
INSERT INTO `colegio` (`noCorrelativos`,`fechaInicio`,`fechaFin`) VALUES (1,"2022-10-28 09:36:40","2017-11-18 16:05:45");
INSERT INTO `colegio` (`noCorrelativos`,`fechaInicio`,`fechaFin`) VALUES (2,"2012-10-09 12:40:36","2020-10-21 01:44:20");
INSERT INTO `colegio` (`noCorrelativos`,`fechaInicio`,`fechaFin`) VALUES (3,"2016-10-08 11:48:12","2016-11-18 08:59:00");
INSERT INTO `colegio` (`noCorrelativos`,`fechaInicio`,`fechaFin`) VALUES (4,"2012-11-30 16:21:30","2023-07-23 01:58:15");
INSERT INTO `colegio` (`noCorrelativos`,`fechaInicio`,`fechaFin`) VALUES (5,"2016-07-16 20:10:53","2016-02-12 04:22:59");
INSERT INTO `colegio` (`noCorrelativos`,`fechaInicio`,`fechaFin`) VALUES (6,"2013-11-14 22:20:02","2019-10-11 17:54:07");
INSERT INTO `colegio` (`noCorrelativos`,`fechaInicio`,`fechaFin`) VALUES (7,"2014-11-26 09:30:15","2021-03-14 19:09:42");
INSERT INTO `colegio` (`noCorrelativos`,`fechaInicio`,`fechaFin`) VALUES (8,"2019-05-22 13:44:14","2017-10-15 11:44:13");
INSERT INTO `colegio` (`noCorrelativos`,`fechaInicio`,`fechaFin`) VALUES (9,"2016-02-18 19:04:29","2022-04-15 17:11:47");
INSERT INTO `colegio` (`noCorrelativos`,`fechaInicio`,`fechaFin`) VALUES (10,"2023-11-08 01:07:38","2016-03-26 15:31:30");
----------------------------------------------------------------
-------------------------ID votos-------------------------------
----------------------------------------------------------------
INSERT INTO `eleccion` (`idEleccion`) VALUES ("64");
INSERT INTO `eleccion` (`idEleccion`) VALUES ("66");
INSERT INTO `eleccion` (`idEleccion`) VALUES ("68");
INSERT INTO `eleccion` (`idEleccion`) VALUES ("70");
----------------------------------------------------------------
-------------------------Mesas----------------------------------
----------------------------------------------------------------
INSERT INTO `mesa` (`
idMesa`,`letraMesa
`,`Colegio_noCorrelativos`,`Eleccion_idEleccion`) VALUES
(1,"A",5,"68");
INSERT INTO `mesa` (`
idMesa`,`letraMesa
`,`Colegio_noCorrelativos`,`Eleccion_idEleccion`) VALUES
(2,"A",8,"70");
INSERT INTO `mesa` (`
idMesa`,`letraMesa
`,`Colegio_noCorrelativos`,`Eleccion_idEleccion`) VALUES
(3,"B",6,"68");
INSERT INTO `mesa` (`
idMesa`,`letraMesa
`,`Colegio_noCorrelativos`,`Eleccion_idEleccion`) VALUES
(4,"B",6,"68");
INSERT INTO `mesa` (`
idMesa`,`letraMesa
`,`Colegio_noCorrelativos`,`Eleccion_idEleccion`) VALUES
(5,"C",8,"64");
INSERT INTO `mesa` (`
idMesa`,`letraMesa
`,`Colegio_noCorrelativos`,`Eleccion_idEleccion`) VALUES
(6,"C",1,"64");
INSERT INTO `mesa` (`
idMesa`,`letraMesa
`,`Colegio_noCorrelativos`,`Eleccion_idEleccion`) VALUES
(7,"D",2,"70");
INSERT INTO `mesa` (`
idMesa`,`letraMesa
`,`Colegio_noCorrelativos`,`Eleccion_idEleccion`) VALUES
(8,"D",4,"64");
INSERT INTO `mesa` (`
idMesa`,`letraMesa
`,`Colegio_noCorrelativos`,`Eleccion_idEleccion`) VALUES
(9,"A",9,"68");
INSERT INTO `mesa` (`
idMesa`,`letraMesa
`,`Colegio_noCorrelativos`,`Eleccion_idEleccion`) VALUES
(10,"A",8,"68");
INSERT INTO `mesa` (`
idMesa`,`letraMesa
`,`Colegio_noCorrelativos`,`Eleccion_idEleccion`) VALUES
(11,"B",8,"68");
INSERT INTO `mesa` (`
idMesa`,`letraMesa
`,`Colegio_noCorrelativos`,`Eleccion_idEleccion`) VALUES
(12,"B",5,"66");
INSERT INTO `mesa` (`
idMesa`,`letraMesa
`,`Colegio_noCorrelativos`,`Eleccion_idEleccion`) VALUES
(13,"C",3,"66");
INSERT INTO `mesa` (`
idMesa`,`letraMesa
`,`Colegio_noCorrelativos`,`Eleccion_idEleccion`) VALUES
(14,"C",2,"70");
INSERT INTO `mesa` (`
idMesa`,`letraMesa
`,`Colegio_noCorrelativos`,`Eleccion_idEleccion`) VALUES
(15,"D",5,"64");
INSERT INTO `mesa` (`
idMesa`,`letraMesa
`,`Colegio_noCorrelativos`,`Eleccion_idEleccion`) VALUES
(16,"D",1,"68");
INSERT INTO `mesa` (`
idMesa`,`letraMesa
`,`Colegio_noCorrelativos`,`Eleccion_idEleccion`) VALUES
(17,"A",7,"68");
INSERT INTO `mesa` (`
idMesa`,`letraMesa
`,`Colegio_noCorrelativos`,`Eleccion_idEleccion`) VALUES
(18,"A",3,"70");
INSERT INTO `mesa` (`
idMesa`,`letraMesa
`,`Colegio_noCorrelativos`,`Eleccion_idEleccion`) VALUES
(19,"B",2,"68");
INSERT INTO `mesa` (`
idMesa`,`letraMesa
`,`Colegio_noCorrelativos`,`Eleccion_idEleccion`) VALUES
(20,"B",2,"66");
INSERT INTO `mesa` (`
idMesa`,`letraMesa
`,`Colegio_noCorrelativos`,`Eleccion_idEleccion`) VALUES
(21,"C",10,"70");
INSERT INTO `mesa` (`
idMesa`,`letraMesa
`,`Colegio_noCorrelativos`,`Eleccion_idEleccion`) VALUES
(22,"C",2,"68");
INSERT INTO `mesa` (`
idMesa`,`letraMesa
`,`Colegio_noCorrelativos`,`Eleccion_idEleccion`) VALUES
(23,"D",6,"66");
INSERT INTO `mesa` (`
idMesa`,`letraMesa
`,`Colegio_noCorrelativos`,`Eleccion_idEleccion`) VALUES
(24,"D",2,"68");
INSERT INTO `mesa` (`
idMesa`,`letraMesa
`,`Colegio_noCorrelativos`,`Eleccion_idEleccion`) VALUES
(25,"A",7,"64");
INSERT INTO `mesa` (`
idMesa`,`letraMesa
`,`Colegio_noCorrelativos`,`Eleccion_idEleccion`) VALUES
(26,"A",10,"66");
INSERT INTO `mesa` (`
idMesa`,`letraMesa
`,`Colegio_noCorrelativos`,`Eleccion_idEleccion`) VALUES
(27,"B",2,"70");
INSERT INTO `mesa` (`
idMesa`,`letraMesa
`,`Colegio_noCorrelativos`,`Eleccion_idEleccion`) VALUES
(28,"B",7,"70");
INSERT INTO `mesa` (`
idMesa`,`letraMesa
`,`Colegio_noCorrelativos`,`Eleccion_idEleccion`) VALUES
(29,"C",6,"70");
INSERT INTO `mesa` (`
idMesa`,`letraMesa
`,`Colegio_noCorrelativos`,`Eleccion_idEleccion`) VALUES
(30,"C",10,"70");
INSERT INTO `mesa` (`
idMesa`,`letraMesa
`,`Colegio_noCorrelativos`,`Eleccion_idEleccion`) VALUES
(31,"D",9,"66");
INSERT INTO `mesa` (`
idMesa`,`letraMesa
`,`Colegio_noCorrelativos`,`Eleccion_idEleccion`) VALUES
(32,"D",4,"64");
INSERT INTO `mesa` (`
idMesa`,`letraMesa
`,`Colegio_noCorrelativos`,`Eleccion_idEleccion`) VALUES
(33,"A",10,"64");
INSERT INTO `mesa` (`
idMesa`,`letraMesa
`,`Colegio_noCorrelativos`,`Eleccion_idEleccion`) VALUES
(34,"A",8,"70");
INSERT INTO `mesa` (`
idMesa`,`letraMesa
`,`Colegio_noCorrelativos`,`Eleccion_idEleccion`) VALUES
(35,"B",4,"70");
INSERT INTO `mesa` (`
idMesa`,`letraMesa
`,`Colegio_noCorrelativos`,`Eleccion_idEleccion`) VALUES
(36,"B",9,"66");
INSERT INTO `mesa` (`
idMesa`,`letraMesa
`,`Colegio_noCorrelativos`,`Eleccion_idEleccion`) VALUES
(37,"C",10,"70");
INSERT INTO `mesa` (`
idMesa`,`letraMesa
`,`Colegio_noCorrelativos`,`Eleccion_idEleccion`) VALUES
(38,"C",4,"70");
INSERT INTO `mesa` (`
idMesa`,`letraMesa
`,`Colegio_noCorrelativos`,`Eleccion_idEleccion`) VALUES
(39,"D",4,"68");
INSERT INTO `mesa` (`
idMesa`,`letraMesa
`,`Colegio_noCorrelativos`,`Eleccion_idEleccion`) VALUES
(40,"D",10,"70");
---------------------------------------------------------------
-------------------------VOTANTE-------------------------------
---------------------------------------------------------------
INSERT INTO `votante` (`
idVotante`,`nombre
`,`direccion`,`mexicano`,`fechaNacimiento`,`mesa_idMesa`) VALUES
("HVM78ORJ9CW","Troy","P.O. Box 318, 5637 Fusce Ave",1,"2020-03-18 22:36:42",7);
INSERT INTO `votante` (`
idVotante`,`nombre
`,`direccion`,`mexicano`,`fechaNacimiento`,`mesa_idMesa`) VALUES
("XOM70IYY9NR","Catherine","Ap #331-6795 Sed, Rd.",1,"2021-03-03 14:19:34",17);
INSERT INTO `votante` (`
idVotante`,`nombre
`,`direccion`,`mexicano`,`fechaNacimiento`,`mesa_idMesa`) VALUES
("HOC05ZZB5JZ","Avram","8021 Sociis Street",0,"2020-09-11 08:57:56",29);
INSERT INTO `votante` (`
idVotante`,`nombre
`,`direccion`,`mexicano`,`fechaNacimiento`,`mesa_idMesa`) VALUES
("WNK51HXV8IH","Bree","9191 Donec St.",0,"2019-04-25 18:31:18",25);
INSERT INTO `votante` (`
idVotante`,`nombre
`,`direccion`,`mexicano`,`fechaNacimiento`,`mesa_idMesa`) VALUES
("WCN37PZF2HG","Ryder","P.O. Box 364, 170 Dictum Rd.",0,"2020-06-17 09:17:44",27);
INSERT INTO `votante` (`
idVotante`,`nombre
`,`direccion`,`mexicano`,`fechaNacimiento`,`mesa_idMesa`) VALUES
("XPY19DOP0DP","Gay","P.O. Box 263, 6508 A, St.",1,"2020-04-09 13:19:47",34);
INSERT INTO `votante` (`
idVotante`,`nombre
`,`direccion`,`mexicano`,`fechaNacimiento`,`mesa_idMesa`) VALUES
("QVT51BJJ3CC","Brett","P.O. Box 115, 4638 Nibh. St.",0,"2020-01-08 13:14:28",6);
INSERT INTO `votante` (`
idVotante`,`nombre
`,`direccion`,`mexicano`,`fechaNacimiento`,`mesa_idMesa`) VALUES
("ECD25OYX9GP","Jocelyn","7126 Faucibus Avenue",0,"2020-05-03 17:04:27",34);
INSERT INTO `votante` (`
idVotante`,`nombre
`,`direccion`,`mexicano`,`fechaNacimiento`,`mesa_idMesa`) VALUES
("DXB40YAE3GY","Chanda","8762 Sagittis Rd.",0,"2019-08-07 06:13:37",27);
INSERT INTO `votante` (`
idVotante`,`nombre
`,`direccion`,`mexicano`,`fechaNacimiento`,`mesa_idMesa`) VALUES
("VVZ54BLG5TJ","Iola","P.O. Box 559, 9600 Semper, Av.",0,"2019-11-06 00:47:30",23);
INSERT INTO `votante` (`
idVotante`,`nombre
`,`direccion`,`mexicano`,`fechaNacimiento`,`mesa_idMesa`) VALUES
("ZPY17VEP3MU","Ahmed","Ap #523-1049 Id, Av.",0,"2021-01-12 22:25:45",2);
INSERT INTO `votante` (`
idVotante`,`nombre
`,`direccion`,`mexicano`,`fechaNacimiento`,`mesa_idMesa`) VALUES
("OLG14TLI7YC","Alisa","P.O. Box 880, 3301 Id Avenue",1,"2020-12-24 02:25:13",35);
INSERT INTO `votante` (`
idVotante`,`nombre
`,`direccion`,`mexicano`,`fechaNacimiento`,`mesa_idMesa`) VALUES
("THJ31UOK3NJ","Noelani","9033 Vivamus Rd.",1,"2019-04-17 01:26:03",2);
INSERT INTO `votante` (`
idVotante`,`nombre
`,`direccion`,`mexicano`,`fechaNacimiento`,`mesa_idMesa`) VALUES
("DJZ86ZOQ2YR","Illana","798-1720 Nulla Street",1,"2020-12-19 18:04:30",28);
INSERT INTO `votante` (`
idVotante`,`nombre
`,`direccion`,`mexicano`,`fechaNacimiento`,`mesa_idMesa`) VALUES
("BOD33QAA8NU","Julie","P.O. Box 762, 4345 Sit Rd.",0,"2019-05-31 11:39:52",37);
INSERT INTO `votante` (`
idVotante`,`nombre
`,`direccion`,`mexicano`,`fechaNacimiento`,`mesa_idMesa`) VALUES
("JGB55HNK6RS","Leigh","Ap #355-2225 Pellentesque St.",0,"2020-08-04 05:52:39",38);
INSERT INTO `votante` (`
idVotante`,`nombre
`,`direccion`,`mexicano`,`fechaNacimiento`,`mesa_idMesa`) VALUES
("CZP48KGC7BR","Ariel","P.O. Box 623, 2685 Suscipit Rd.",1,"2019-06-26 12:20:02",18);
INSERT INTO `votante` (`
idVotante`,`nombre
`,`direccion`,`mexicano`,`fechaNacimiento`,`mesa_idMesa`) VALUES
("CSI26JPW1FM","Upton","416-6184 Quisque St.",1,"2020-11-21 20:40:57",4);
INSERT INTO `votante` (`
idVotante`,`nombre
`,`direccion`,`mexicano`,`fechaNacimiento`,`mesa_idMesa`) VALUES
("QGF27CXB4IQ","Melanie","P.O. Box 885, 5214 Interdum. Rd.",1,"2019-11-11 23:17:15",27);
INSERT INTO `votante` (`
idVotante`,`nombre
`,`direccion`,`mexicano`,`fechaNacimiento`,`mesa_idMesa`) VALUES
("ETC76WZC5FC","Aretha","2909 Quis, Av.",1,"2019-12-23 05:17:56",22);
INSERT INTO `votante` (`
idVotante`,`nombre
`,`direccion`,`mexicano`,`fechaNacimiento`,`mesa_idMesa`) VALUES
("OMX08RWX1VB","Kelly","181-691 Mauris Rd.",1,"2019-08-05 07:35:10",32);
INSERT INTO `votante` (`
idVotante`,`nombre
`,`direccion`,`mexicano`,`fechaNacimiento`,`mesa_idMesa`) VALUES
("SNG47NAL4WL","Bradley","Ap #514-3871 Nec Rd.",0,"2019-07-10 23:18:35",17);
INSERT INTO `votante` (`
idVotante`,`nombre
`,`direccion`,`mexicano`,`fechaNacimiento`,`mesa_idMesa`) VALUES
("KLB75EEX0JV","Uriel","P.O. Box 162, 105 Cras Avenue",1,"2020-12-01 05:06:19",17);
INSERT INTO `votante` (`
idVotante`,`nombre
`,`direccion`,`mexicano`,`fechaNacimiento`,`mesa_idMesa`) VALUES
("SSI85EKW2DS","Boris","9085 Dolor Ave",1,"2020-07-01 14:53:39",6);
INSERT INTO `votante` (`
idVotante`,`nombre
`,`direccion`,`mexicano`,`fechaNacimiento`,`mesa_idMesa`) VALUES
("DJB79FXP0DY","Ralph","546-3452 Et, St.",1,"2020-12-09 13:52:41",12);
INSERT INTO `votante` (`
idVotante`,`nombre
`,`direccion`,`mexicano`,`fechaNacimiento`,`mesa_idMesa`) VALUES
("ZHZ23EHG8PH","Yuri","7482 Sociis Road",1,"2019-12-21 11:53:38",18);
INSERT INTO `votante` (`
idVotante`,`nombre
`,`direccion`,`mexicano`,`fechaNacimiento`,`mesa_idMesa`) VALUES
("TPN91BNF7XL","Virginia","3203 Sed Ave",0,"2019-12-14 17:10:04",21);
INSERT INTO `votante` (`
idVotante`,`nombre
`,`direccion`,`mexicano`,`fechaNacimiento`,`mesa_idMesa`) VALUES
("KUZ79BHO4VV","Zahir","9177 Ornare Street",1,"2020-06-29 21:57:49",35);
INSERT INTO `votante` (`
idVotante`,`nombre
`,`direccion`,`mexicano`,`fechaNacimiento`,`mesa_idMesa`) VALUES
("ZBX63NWS1IF","Ira","Ap #613-3420 Turpis Av.",0,"2020-11-20 04:52:42",26);
INSERT INTO `votante` (`
idVotante`,`nombre
`,`direccion`,`mexicano`,`fechaNacimiento`,`mesa_idMesa`) VALUES
("OWK28DQL9AH","Sierra","8350 Vestibulum St.",1,"2019-05-29 04:29:47",29);
INSERT INTO `votante` (`
idVotante`,`nombre
`,`direccion`,`mexicano`,`fechaNacimiento`,`mesa_idMesa`) VALUES
("OUV44DFX6WQ","Axel","P.O. Box 374, 6172 Auctor, St.",1,"2019-11-03 23:20:03",26);
INSERT INTO `votante` (`
idVotante`,`nombre
`,`direccion`,`mexicano`,`fechaNacimiento`,`mesa_idMesa`) VALUES
("GRM21CBI0SP","Phyllis","489-5926 Tempus, Street",0,"2020-12-13 23:26:32",36);
INSERT INTO `votante` (`
idVotante`,`nombre
`,`direccion`,`mexicano`,`fechaNacimiento`,`mesa_idMesa`) VALUES
("FTR07WEB0UR","Desiree","P.O. Box 696, 4343 Interdum St.",0,"2019-12-16 09:27:10",24);
INSERT INTO `votante` (`
idVotante`,`nombre
`,`direccion`,`mexicano`,`fechaNacimiento`,`mesa_idMesa`) VALUES
("PHS24EJI9AY","Susan","P.O. Box 352, 9957 Diam St.",1,"2019-03-31 21:57:52",3);
INSERT INTO `votante` (`
idVotante`,`nombre
`,`direccion`,`mexicano`,`fechaNacimiento`,`mesa_idMesa`) VALUES
("PVA05ZZC4AX","Uta","Ap #130-4275 Cras Av.",1,"2020-11-10 22:52:18",4);
INSERT INTO `votante` (`
idVotante`,`nombre
`,`direccion`,`mexicano`,`fechaNacimiento`,`mesa_idMesa`) VALUES
("BPP36RGY3HP","Zachery","Ap #386-9509 Sed Ave",0,"2020-07-23 17:32:26",32);
INSERT INTO `votante` (`
idVotante`,`nombre
`,`direccion`,`mexicano`,`fechaNacimiento`,`mesa_idMesa`) VALUES
("ZPV69AKV8EM","Daquan","8934 Cubilia St.",0,"2020-11-02 20:05:26",32);
INSERT INTO `votante` (`
idVotante`,`nombre
`,`direccion`,`mexicano`,`fechaNacimiento`,`mesa_idMesa`) VALUES
("KYF40RIG8AL","Akeem","844-3844 In, Rd.",0,"2019-06-23 00:56:26",26);
INSERT INTO `votante` (`
idVotante`,`nombre
`,`direccion`,`mexicano`,`fechaNacimiento`,`mesa_idMesa`) VALUES
("UFI50EYD4WC","Avram","2402 Egestas St.",0,"2019-11-14 09:00:08",5);
INSERT INTO `votante` (`
idVotante`,`nombre
`,`direccion`,`mexicano`,`fechaNacimiento`,`mesa_idMesa`) VALUES
("ESM30BHF5LF","Angela","P.O. Box 884, 7109 Porta Rd.",1,"2020-12-22 19:50:22",14);
INSERT INTO `votante` (`
idVotante`,`nombre
`,`direccion`,`mexicano`,`fechaNacimiento`,`mesa_idMesa`) VALUES
("EOX43GPK5ZT","Hilary","800-2736 In, St.",1,"2019-09-27 08:06:12",15);
INSERT INTO `votante` (`
idVotante`,`nombre
`,`direccion`,`mexicano`,`fechaNacimiento`,`mesa_idMesa`) VALUES
("XXP47HMM7QA","Kevin","8053 Laoreet St.",0,"2019-08-21 22:16:09",6);
INSERT INTO `votante` (`
idVotante`,`nombre
`,`direccion`,`mexicano`,`fechaNacimiento`,`mesa_idMesa`) VALUES
("BAS06ODY0DH","Gabriel","2085 Elit. Ave",1,"2019-09-18 02:14:21",26);
INSERT INTO `votante` (`
idVotante`,`nombre
`,`direccion`,`mexicano`,`fechaNacimiento`,`mesa_idMesa`) VALUES
("XEC49CNI2OY","Noel","725-974 Lobortis St.",0,"2021-02-04 21:15:01",37);
INSERT INTO `votante` (`
idVotante`,`nombre
`,`direccion`,`mexicano`,`fechaNacimiento`,`mesa_idMesa`) VALUES
("AAH47JUK6SS","Giselle","8599 Sit Rd.",0,"2019-09-02 01:45:02",21);
INSERT INTO `votante` (`
idVotante`,`nombre
`,`direccion`,`mexicano`,`fechaNacimiento`,`mesa_idMesa`) VALUES
("QYE75YPS6VQ","Halla","428-1343 Facilisis Street",1,"2020-08-02 04:23:10",27);
INSERT INTO `votante` (`
idVotante`,`nombre
`,`direccion`,`mexicano`,`fechaNacimiento`,`mesa_idMesa`) VALUES
("TBO92NQN1DC","Samson","871-3210 Fusce Avenue",0,"2020-02-20 21:39:59",27);
INSERT INTO `votante` (`
idVotante`,`nombre
`,`direccion`,`mexicano`,`fechaNacimiento`,`mesa_idMesa`) VALUES
("VKB98PBL1FR","Marshall","P.O. Box 383, 6012 Nisi. Ave",1,"2020-09-13 15:02:25",8);
INSERT INTO `votante` (`
idVotante`,`nombre
`,`direccion`,`mexicano`,`fechaNacimiento`,`mesa_idMesa`) VALUES
("JVS34XLJ2XW","Carl","Ap #182-2105 Suspendisse Street",1,"2020-06-16 20:36:52",7);
INSERT INTO `votante` (`
idVotante`,`nombre
`,`direccion`,`mexicano`,`fechaNacimiento`,`mesa_idMesa`) VALUES
("OUH71APJ8UG","Chanda","P.O. Box 385, 2554 Semper Rd.",0,"2020-08-10 07:58:25",5);
INSERT INTO `votante` (`
idVotante`,`nombre
`,`direccion`,`mexicano`,`fechaNacimiento`,`mesa_idMesa`) VALUES
("MGI84OTS2RP","Brian","Ap #484-3808 Eget Ave",1,"2020-07-29 20:46:10",40);
INSERT INTO `votante` (`
idVotante`,`nombre
`,`direccion`,`mexicano`,`fechaNacimiento`,`mesa_idMesa`) VALUES
("XCF07KKX7LU","Serena","7746 Tincidunt, Rd.",0,"2019-05-31 13:42:31",10);
INSERT INTO `votante` (`idVotante`,`nombre`,`direccion`,`mexicano`,`fechaNacimiento`,`mesa_idMesa`) VALUES ("RXL51WTU0FY","September","6392 Enim. Avenue",0,"2019-06-05 21:22:48",13);
INSERT INTO `votante` (`idVotante`,`nombre`,`direccion`,`mexicano`,`fechaNacimiento`,`mesa_idMesa`) VALUES ("WJA79ZOI7IF","Chaim","464-4829 Montes, Street",1,"2021-01-28 06:16:25",38);
INSERT INTO `votante` (`idVotante`,`nombre`,`direccion`,`mexicano`,`fechaNacimiento`,`mesa_idMesa`) VALUES ("JMZ72QVD0AF","Samson","336 Ac, St.",0,"2019-07-11 12:04:06",7);
INSERT INTO `votante` (`idVotante`,`nombre`,`direccion`,`mexicano`,`fechaNacimiento`,`mesa_idMesa`) VALUES ("ZSZ82NIN0ZX","Shoshana","P.O. Box 327, 4106 Nunc Road",1,"2020-11-01 00:54:00",34);
INSERT INTO `votante` (`idVotante`,`nombre`,`direccion`,`mexicano`,`fechaNacimiento`,`mesa_idMesa`) VALUES ("IYG47VBD8MJ","Graiden","P.O. Box 165, 917 Commodo Rd.",0,"2020-04-13 23:08:18",13);
INSERT INTO `votante` (`idVotante`,`nombre`,`direccion`,`mexicano`,`fechaNacimiento`,`mesa_idMesa`) VALUES ("QMR95GDS0LZ","Zelenia","Ap #805-5221 Tortor Ave",0,"2020-05-21 20:48:20",19);
INSERT INTO `votante` (`idVotante`,`nombre`,`direccion`,`mexicano`,`fechaNacimiento`,`mesa_idMesa`) VALUES ("ERA19WQU9BI","Zia","Ap #186-9935 Amet Street",0,"2020-07-18 23:15:54",38);
INSERT INTO `votante` (`idVotante`,`nombre`,`direccion`,`mexicano`,`fechaNacimiento`,`mesa_idMesa`) VALUES ("TVY52JMF6SQ","Colette","Ap #677-7764 Integer Avenue",1,"2019-09-23 12:29:15",6);
INSERT INTO `votante` (`idVotante`,`nombre`,`direccion`,`mexicano`,`fechaNacimiento`,`mesa_idMesa`) VALUES ("ELO79COW1SL","Leilani","Ap #442-3182 Donec Rd.",0,"2021-01-17 08:29:33",27);
INSERT INTO `votante` (`idVotante`,`nombre`,`direccion`,`mexicano`,`fechaNacimiento`,`mesa_idMesa`) VALUES ("UQP38COY3AX","Noelle","454-668 In Avenue",0,"2020-03-02 21:01:40",1);
INSERT INTO `votante` (`idVotante`,`nombre`,`direccion`,`mexicano`,`fechaNacimiento`,`mesa_idMesa`) VALUES ("DQG78RSD9HH","Andrew","Ap #330-8733 Tortor Rd.",1,"2019-04-03 04:45:26",24);
INSERT INTO `votante` (`idVotante`,`nombre`,`direccion`,`mexicano`,`fechaNacimiento`,`mesa_idMesa`) VALUES ("XQE26GZZ2HK","Sebastian","P.O. Box 295, 6956 Pellentesque St.",1,"2019-06-04 20:53:26",7);
INSERT INTO `votante` (`idVotante`,`nombre`,`direccion`,`mexicano`,`fechaNacimiento`,`mesa_idMesa`) VALUES ("UPN17OEF9LI","MacKenzie","Ap #339-3874 Pharetra. Rd.",1,"2019-06-03 08:23:12",29);
INSERT INTO `votante` (`idVotante`,`nombre`,`direccion`,`mexicano`,`fechaNacimiento`,`mesa_idMesa`) VALUES ("ZMS85QEK7AI","Carissa","417-4514 Non Street",1,"2019-07-04 12:18:54",24);
INSERT INTO `votante` (`idVotante`,`nombre`,`direccion`,`mexicano`,`fechaNacimiento`,`mesa_idMesa`) VALUES ("PVX64RHB7GO","Sydney","Ap #278-9505 Sed Rd.",0,"2019-09-04 08:04:27",25);
INSERT INTO `votante` (`idVotante`,`nombre`,`direccion`,`mexicano`,`fechaNacimiento`,`mesa_idMesa`) VALUES ("CXV77WYD6XS","Jenna","7639 Sodales Avenue",0,"2020-10-15 05:56:20",26);
INSERT INTO `votante` (`idVotante`,`nombre`,`direccion`,`mexicano`,`fechaNacimiento`,`mesa_idMesa`) VALUES ("BSR13NPB0OR","Lucas","Ap #638-8912 Et Street",0,"2020-01-27 09:05:56",5);
INSERT INTO `votante` (`idVotante`,`nombre`,`direccion`,`mexicano`,`fechaNacimiento`,`mesa_idMesa`) VALUES ("JSX28JCN5IX","Walker","138-1171 Convallis Road",0,"2020-04-01 21:21:20",35);
INSERT INTO `votante` (`idVotante`,`nombre`,`direccion`,`mexicano`,`fechaNacimiento`,`mesa_idMesa`) VALUES ("ULJ50YFB3RI","Richard","3552 Cubilia St.",0,"2021-03-02 22:42:22",9);
INSERT INTO `votante` (`idVotante`,`nombre`,`direccion`,`mexicano`,`fechaNacimiento`,`mesa_idMesa`) VALUES ("XKY29USH5MI","Sharon","7642 Pellentesque Avenue",0,"2020-04-07 07:55:02",31);
INSERT INTO `votante` (`idVotante`,`nombre`,`direccion`,`mexicano`,`fechaNacimiento`,`mesa_idMesa`) VALUES ("EJB68OII4XI","Amethyst","Ap #235-3477 Eu, Avenue",1,"2019-07-11 18:27:14",25);
INSERT INTO `votante` (`idVotante`,`nombre`,`direccion`,`mexicano`,`fechaNacimiento`,`mesa_idMesa`) VALUES ("PEQ91ZBP4UZ","Elizabeth","4563 Orci. St.",0,"2020-09-06 21:52:02",18);
INSERT INTO `votante` (`idVotante`,`nombre`,`direccion`,`mexicano`,`fechaNacimiento`,`mesa_idMesa`) VALUES ("IVS29SQV8SG","TaShya","778-1778 Eu Street",1,"2020-03-21 20:46:21",37);
INSERT INTO `votante` (`idVotante`,`nombre`,`direccion`,`mexicano`,`fechaNacimiento`,`mesa_idMesa`) VALUES ("BSB96PQX5DQ","Cameron","185-9163 Lorem, Av.",0,"2019-10-17 19:50:00",4);
INSERT INTO `votante` (`idVotante`,`nombre`,`direccion`,`mexicano`,`fechaNacimiento`,`mesa_idMesa`) VALUES ("PNF71WNC4IZ","Whoopi","P.O. Box 804, 4165 Egestas St.",0,"2020-06-20 09:52:57",1);
INSERT INTO `votante` (`idVotante`,`nombre`,`direccion`,`mexicano`,`fechaNacimiento`,`mesa_idMesa`) VALUES ("GTV78GXZ3WP","Jacob","882-3864 Etiam Rd.",0,"2019-12-26 20:55:50",26);
INSERT INTO `votante` (`idVotante`,`nombre`,`direccion`,`mexicano`,`fechaNacimiento`,`mesa_idMesa`) VALUES ("YEX81DAR8BU","Orla","9361 Volutpat St.",0,"2020-03-28 07:24:38",16);
INSERT INTO `votante` (`idVotante`,`nombre`,`direccion`,`mexicano`,`fechaNacimiento`,`mesa_idMesa`) VALUES ("FKC89HJU9JK","Keane","Ap #386-3392 Cubilia Ave",1,"2020-11-26 16:22:26",12);
INSERT INTO `votante` (`idVotante`,`nombre`,`direccion`,`mexicano`,`fechaNacimiento`,`mesa_idMesa`) VALUES ("UJP58EPT2XP","Lyle","Ap #132-9745 Vitae Street",1,"2019-07-05 06:26:54",22);
INSERT INTO `votante` (`idVotante`,`nombre`,`direccion`,`mexicano`,`fechaNacimiento`,`mesa_idMesa`) VALUES ("LCB19HGF3LS","Shafira","Ap #326-9433 Cras Rd.",1,"2019-06-16 22:28:02",9);
INSERT INTO `votante` (`idVotante`,`nombre`,`direccion`,`mexicano`,`fechaNacimiento`,`mesa_idMesa`) VALUES ("ZTZ90HET1ED","Clark","Ap #746-8971 Conubia St.",0,"2019-08-03 21:03:40",28);
INSERT INTO `votante` (`idVotante`,`nombre`,`direccion`,`mexicano`,`fechaNacimiento`,`mesa_idMesa`) VALUES ("HCL42REI2GH","Maia","P.O. Box 363, 9877 Tristique Rd.",1,"2020-02-15 21:07:58",26);
INSERT INTO `votante` (`idVotante`,`nombre`,`direccion`,`mexicano`,`fechaNacimiento`,`mesa_idMesa`) VALUES ("IAQ39TIN1LA","Merrill","683-6579 Neque. Road",0,"2020-11-20 18:44:24",21);
INSERT INTO `votante` (`idVotante`,`nombre`,`direccion`,`mexicano`,`fechaNacimiento`,`mesa_idMesa`) VALUES ("CCF48SCF8RB","Jared","P.O. Box 893, 1232 Libero. Rd.",1,"2019-09-04 01:42:28",27);
INSERT INTO `votante` (`idVotante`,`nombre`,`direccion`,`mexicano`,`fechaNacimiento`,`mesa_idMesa`) VALUES ("AWU23SVA8MQ","Jakeem","2029 Et St.",0,"2020-12-11 02:49:06",10);
INSERT INTO `votante` (`idVotante`,`nombre`,`direccion`,`mexicano`,`fechaNacimiento`,`mesa_idMesa`) VALUES ("IOJ02PTM9LK","Laith","Ap #140-9426 Egestas Ave",0,"2019-06-28 16:53:23",16);
INSERT INTO `votante` (`idVotante`,`nombre`,`direccion`,`mexicano`,`fechaNacimiento`,`mesa_idMesa`) VALUES ("MYZ40VDW0FD","Hiram","651-9982 Tellus Avenue",0,"2020-06-15 23:04:45",15);
INSERT INTO `votante` (`idVotante`,`nombre`,`direccion`,`mexicano`,`fechaNacimiento`,`mesa_idMesa`) VALUES ("KGP19SKE9MA","Jackson","Ap #801-9275 Quisque Rd.",0,"2019-06-16 16:08:48",22);
INSERT INTO `votante` (`idVotante`,`nombre`,`direccion`,`mexicano`,`fechaNacimiento`,`mesa_idMesa`) VALUES ("CKN25SNY7UG","Addison","688-4083 Nec, St.",1,"2020-11-05 19:33:29",39);
INSERT INTO `votante` (`idVotante`,`nombre`,`direccion`,`mexicano`,`fechaNacimiento`,`mesa_idMesa`) VALUES ("WNO35LAF4JL","Halla","Ap #519-8464 Eget Rd.",0,"2021-02-20 18:46:29",36);
INSERT INTO `votante` (`idVotante`,`nombre`,`direccion`,`mexicano`,`fechaNacimiento`,`mesa_idMesa`) VALUES ("FLL11FTT8UG","Rebekah","5271 Eu St.",0,"2020-01-09 11:20:01",10);
INSERT INTO `votante` (`idVotante`,`nombre`,`direccion`,`mexicano`,`fechaNacimiento`,`mesa_idMesa`) VALUES ("SAX68KQV8NV","Indira","9931 Urna Av.",0,"2020-02-17 18:17:46",8);
INSERT INTO `votante` (`idVotante`,`nombre`,`direccion`,`mexicano`,`fechaNacimiento`,`mesa_idMesa`) VALUES ("LFK34AME5NL","Xavier","8072 Bibendum. Rd.",0,"2019-08-04 12:30:49",22);
INSERT INTO `votante` (`idVotante`,`nombre`,`direccion`,`mexicano`,`fechaNacimiento`,`mesa_idMesa`) VALUES ("EBP13MIF6NO","Eric","4613 Donec Av.",0,"2020-04-27 14:20:50",38);
INSERT INTO `votante` (`idVotante`,`nombre`,`direccion`,`mexicano`,`fechaNacimiento`,`mesa_idMesa`) VALUES ("PLA05TJJ4CL","Bethany","Ap #266-1329 Neque Road",0,"2021-01-05 16:37:24",14);
INSERT INTO `votante` (`idVotante`,`nombre`,`direccion`,`mexicano`,`fechaNacimiento`,`mesa_idMesa`) VALUES ("WQB78PKS4DO","Summer","P.O. Box 671, 1129 In Ave",0,"2020-02-21 16:47:47",32);
INSERT INTO `votante` (`idVotante`,`nombre`,`direccion`,`mexicano`,`fechaNacimiento`,`mesa_idMesa`) VALUES ("VBF33PIU8QF","Sage","P.O. Box 285, 8900 Velit. Road",1,"2019-08-15 04:20:39",32);
INSERT INTO `votante` (`idVotante`,`nombre`,`direccion`,`mexicano`,`fechaNacimiento`,`mesa_idMesa`) VALUES ("JJD19LIW9VK","Troy","Ap #325-7368 Ligula. Av.",1,"2020-06-12 04:15:38",17);
INSERT INTO `votante` (`idVotante`,`nombre`,`direccion`,`mexicano`,`fechaNacimiento`,`mesa_idMesa`) VALUES ("ZOZ59VXN1RO","Nola","Ap #797-1379 Orci, Avenue",0,"2021-01-25 22:16:43",19);
INSERT INTO `votante` (`idVotante`,`nombre`,`direccion`,`mexicano`,`fechaNacimiento`,`mesa_idMesa`) VALUES ("DOR89JSI0XX","Dorothy","516-6805 Sed Rd.",1,"2019-04-10 08:38:22",30);
INSERT INTO `votante` (`idVotante`,`nombre`,`direccion`,`mexicano`,`fechaNacimiento`,`mesa_idMesa`) VALUES ("PXG81IZZ3NL","Quinn","P.O. Box 217, 6954 Urna. St.",1,"2020-05-05 17:43:44",22);
INSERT INTO `votante` (`idVotante`,`nombre`,`direccion`,`mexicano`,`fechaNacimiento`,`mesa_idMesa`) VALUES ("LUK71MZT5AO","Wayne","P.O. Box 922, 6592 Porttitor Av.",1,"2020-01-22 10:32:58",4);
INSERT INTO `votante` (`idVotante`,`nombre`,`direccion`,`mexicano`,`fechaNacimiento`,`mesa_idMesa`) VALUES ("SHM50EZR3MM","Meghan","Ap #289-2181 Ligula. St.",0,"2020-10-10 09:35:20",14);
INSERT INTO `votante` (`idVotante`,`nombre`,`direccion`,`mexicano`,`fechaNacimiento`,`mesa_idMesa`) VALUES ("MOQ93JYX1CC","Ifeoma","251-3895 Purus St.",1,"2020-02-25 09:24:10",1);
INSERT INTO `votante` (`idVotante`,`nombre`,`direccion`,`mexicano`,`fechaNacimiento`,`mesa_idMesa`) VALUES ("TXS65PUC6PH","Charlotte","202-9772 Consectetuer Road",0,"2020-08-15 22:25:09",28);
INSERT INTO `votante` (`idVotante`,`nombre`,`direccion`,`mexicano`,`fechaNacimiento`,`mesa_idMesa`) VALUES ("RWZ65DDI6KT","Oleg","9207 Iaculis Road",1,"2020-06-15 18:22:01",9);
INSERT INTO `votante` (`idVotante`,`nombre`,`direccion`,`mexicano`,`fechaNacimiento`,`mesa_idMesa`) VALUES ("TDR53ION8EK","Evangeline","P.O. Box 636, 2980 Et, St.",1,"2020-05-28 11:46:13",7);
INSERT INTO `votante` (`idVotante`,`nombre`,`direccion`,`mexicano`,`fechaNacimiento`,`mesa_idMesa`) VALUES ("TGP22SLH7EY","Pascale","P.O. Box 831, 5581 Senectus St.",0,"2020-02-08 10:43:56",15);
INSERT INTO `votante` (`idVotante`,`nombre`,`direccion`,`mexicano`,`fechaNacimiento`,`mesa_idMesa`) VALUES ("JEG62VOI4LZ","Todd","P.O. Box 141, 7088 Nunc St.",0,"2019-05-12 10:46:05",37);
INSERT INTO `votante` (`idVotante`,`nombre`,`direccion`,`mexicano`,`fechaNacimiento`,`mesa_idMesa`) VALUES ("SLI35YCQ1OT","Skyler","3513 Consectetuer Av.",1,"2019-03-06 08:41:28",15);
INSERT INTO `votante` (`idVotante`,`nombre`,`direccion`,`mexicano`,`fechaNacimiento`,`mesa_idMesa`) VALUES ("RFB97MTL9RX","Grace","Ap #605-3176 Enim. St.",1,"2019-06-04 01:38:40",6);
INSERT INTO `votante` (`idVotante`,`nombre`,`direccion`,`mexicano`,`fechaNacimiento`,`mesa_idMesa`) VALUES ("EVB15YBC3NS","Shafira","695 Sagittis Avenue",1,"2019-12-13 03:45:58",22);
INSERT INTO `votante` (`idVotante`,`nombre`,`direccion`,`mexicano`,`fechaNacimiento`,`mesa_idMesa`) VALUES ("WEB24LUO6IT","Kiara","602-5787 Dictum Av.",1,"2019-12-14 05:16:28",19);
INSERT INTO `votante` (`idVotante`,`nombre`,`direccion`,`mexicano`,`fechaNacimiento`,`mesa_idMesa`) VALUES ("CJG72KON6QR","Garrett","Ap #128-7404 Dignissim Rd.",0,"2020-01-06 11:03:38",23);
INSERT INTO `votante` (`idVotante`,`nombre`,`direccion`,`mexicano`,`fechaNacimiento`,`mesa_idMesa`) VALUES ("CVL08PYE7VB","Ryan","5174 Quam Street",0,"2020-12-28 10:19:27",7);
INSERT INTO `votante` (`idVotante`,`nombre`,`direccion`,`mexicano`,`fechaNacimiento`,`mesa_idMesa`) VALUES ("FIX69CVD6LJ","Lenore","Ap #229-6565 Neque St.",1,"2019-03-11 17:24:23",10);
INSERT INTO `votante` (`idVotante`,`nombre`,`direccion`,`mexicano`,`fechaNacimiento`,`mesa_idMesa`) VALUES ("NUZ46RSG5WQ","Inga","Ap #729-6729 Gravida St.",1,"2020-07-13 18:13:58",3);
INSERT INTO `votante` (`idVotante`,`nombre`,`direccion`,`mexicano`,`fechaNacimiento`,`mesa_idMesa`) VALUES ("NUE81AUI4OS","Veda","P.O. Box 559, 4398 Mattis Ave",1,"2020-05-05 14:34:54",24);
INSERT INTO `votante` (`idVotante`,`nombre`,`direccion`,`mexicano`,`fechaNacimiento`,`mesa_idMesa`) VALUES ("BCF25UIC4DB","Henry","P.O. Box 913, 1131 Ipsum Street",0,"2019-11-09 15:09:33",9);
INSERT INTO `votante` (`idVotante`,`nombre`,`direccion`,`mexicano`,`fechaNacimiento`,`mesa_idMesa`) VALUES ("MJM91XDW3JM","Asher","P.O. Box 732, 8315 Et St.",1,"2020-01-07 01:44:59",6);
INSERT INTO `votante` (`idVotante`,`nombre`,`direccion`,`mexicano`,`fechaNacimiento`,`mesa_idMesa`) VALUES ("OTT31BKJ2VH","Kylynn","P.O. Box 496, 7106 Neque St.",0,"2021-01-08 20:18:52",23);
INSERT INTO `votante` (`idVotante`,`nombre`,`direccion`,`mexicano`,`fechaNacimiento`,`mesa_idMesa`) VALUES ("IHT82HFT2GN","Oleg","Ap #301-1792 Tempus Rd.",1,"2020-08-31 19:05:37",39);
INSERT INTO `votante` (`idVotante`,`nombre`,`direccion`,`mexicano`,`fechaNacimiento`,`mesa_idMesa`) VALUES ("RWO51DIW1YF","Kameko","520-8647 Pede Rd.",1,"2019-10-02 20:49:54",33);
INSERT INTO `votante` (`idVotante`,`nombre`,`direccion`,`mexicano`,`fechaNacimiento`,`mesa_idMesa`) VALUES ("SVW54WFH4AV","MacKensie","194-7445 Amet Avenue",1,"2019-11-29 03:58:02",36);
INSERT INTO `votante` (`idVotante`,`nombre`,`direccion`,`mexicano`,`fechaNacimiento`,`mesa_idMesa`) VALUES ("UPS82YPH6AC","Allegra","839-7603 Faucibus Rd.",1,"2020-10-27 01:21:10",8);
INSERT INTO `votante` (`idVotante`,`nombre`,`direccion`,`mexicano`,`fechaNacimiento`,`mesa_idMesa`) VALUES ("QNR88KYP6UJ","Imogene","9327 Metus Rd.",0,"2020-07-27 05:30:12",23);
INSERT INTO `votante` (`idVotante`,`nombre`,`direccion`,`mexicano`,`fechaNacimiento`,`mesa_idMesa`) VALUES ("XIJ63DAR2AN","Brielle","Ap #849-8434 Non Street",1,"2020-06-09 18:58:22",34);
INSERT INTO `votante` (`idVotante`,`nombre`,`direccion`,`mexicano`,`fechaNacimiento`,`mesa_idMesa`) VALUES ("KJG18BCX3WM","Wallace","8299 Euismod St.",0,"2020-04-13 08:27:05",39);
INSERT INTO `votante` (`idVotante`,`nombre`,`direccion`,`mexicano`,`fechaNacimiento`,`mesa_idMesa`) VALUES ("OAH87ESR2FV","Chaim","863-2221 Dui, St.",0,"2020-05-25 08:26:34",36);
INSERT INTO `votante` (`idVotante`,`nombre`,`direccion`,`mexicano`,`fechaNacimiento`,`mesa_idMesa`) VALUES ("YND29EKA6VL","Gretchen","909-4925 A, Street",1,"2020-10-24 04:14:22",10);
INSERT INTO `votante` (`idVotante`,`nombre`,`direccion`,`mexicano`,`fechaNacimiento`,`mesa_idMesa`) VALUES ("MKE91ZSY3RU","Owen","P.O. Box 754, 6053 Dui Av.",1,"2019-06-05 13:13:32",19);
INSERT INTO `votante` (`idVotante`,`nombre`,`direccion`,`mexicano`,`fechaNacimiento`,`mesa_idMesa`) VALUES ("CPB87EQM8SJ","Phillip","3897 Morbi Rd.",1,"2020-11-20 03:18:33",8);
INSERT INTO `votante` (`idVotante`,`nombre`,`direccion`,`mexicano`,`fechaNacimiento`,`mesa_idMesa`) VALUES ("EHL05SVL8GK","Yvette","502-940 Mus. Rd.",0,"2020-06-22 05:54:32",37);
INSERT INTO `votante` (`idVotante`,`nombre`,`direccion`,`mexicano`,`fechaNacimiento`,`mesa_idMesa`) VALUES ("TFQ48HCE9MO","Vivien","P.O. Box 893, 8784 In St.",1,"2020-05-28 12:59:19",27);
INSERT INTO `votante` (`idVotante`,`nombre`,`direccion`,`mexicano`,`fechaNacimiento`,`mesa_idMesa`) VALUES ("BZT38XWH1YM","Phelan","7588 Ultrices Avenue",1,"2021-02-25 19:52:03",3);
INSERT INTO `votante` (`idVotante`,`nombre`,`direccion`,`mexicano`,`fechaNacimiento`,`mesa_idMesa`) VALUES ("MMH78NRI8BK","Alice","8361 Purus. Ave",0,"2019-07-30 14:36:07",34);
INSERT INTO `votante` (`idVotante`,`nombre`,`direccion`,`mexicano`,`fechaNacimiento`,`mesa_idMesa`) VALUES ("XIA96MLD1TU","Shaine","5777 Bibendum Ave",1,"2019-03-20 08:36:55",15);
INSERT INTO `votante` (`idVotante`,`nombre`,`direccion`,`mexicano`,`fechaNacimiento`,`mesa_idMesa`) VALUES ("LOC33CMM7OM","Echo","707-3972 Duis Street",1,"2019-04-26 08:17:36",20);
INSERT INTO `votante` (`idVotante`,`nombre`,`direccion`,`mexicano`,`fechaNacimiento`,`mesa_idMesa`) VALUES ("YKM35UDM1IM","Kennan","4042 Scelerisque St.",0,"2021-01-19 21:57:10",10);
INSERT INTO `votante` (`idVotante`,`nombre`,`direccion`,`mexicano`,`fechaNacimiento`,`mesa_idMesa`) VALUES ("WMH23UFR3CW","Yoshi","654-9762 Nullam Ave",0,"2020-09-07 13:34:41",6);
INSERT INTO `votante` (`idVotante`,`nombre`,`direccion`,`mexicano`,`fechaNacimiento`,`mesa_idMesa`) VALUES ("HAT26XEB3ZG","Uriah","5028 Lectus, Rd.",0,"2019-04-14 21:13:37",7);
INSERT INTO `votante` (`idVotante`,`nombre`,`direccion`,`mexicano`,`fechaNacimiento`,`mesa_idMesa`) VALUES ("RYU96NNB1SZ","Nissim","866-6369 Nec Av.",0,"2019-05-31 05:21:04",32);
INSERT INTO `votante` (`idVotante`,`nombre`,`direccion`,`mexicano`,`fechaNacimiento`,`mesa_idMesa`) VALUES ("JWJ25ZHC8MY","Connor","9583 Eget Av.",1,"2020-05-26 11:45:42",3);
INSERT INTO `votante` (`idVotante`,`nombre`,`direccion`,`mexicano`,`fechaNacimiento`,`mesa_idMesa`) VALUES ("KEO24KHR8VE","Gavin","Ap #358-6808 Ultricies Street",1,"2020-02-10 00:24:08",31);
INSERT INTO `votante` (`idVotante`,`nombre`,`direccion`,`mexicano`,`fechaNacimiento`,`mesa_idMesa`) VALUES ("CBT72JFL1CL","Kristen","Ap #143-1597 Orci Street",0,"2019-09-12 12:41:04",38);
INSERT INTO `votante` (`idVotante`,`nombre`,`direccion`,`mexicano`,`fechaNacimiento`,`mesa_idMesa`) VALUES ("IYU11EUD6UG","Kyle","Ap #830-610 Varius Ave",0,"2020-02-05 05:39:54",35);
INSERT INTO `votante` (`idVotante`,`nombre`,`direccion`,`mexicano`,`fechaNacimiento`,`mesa_idMesa`) VALUES ("AZX47XKS3KT","Derek","P.O. Box 322, 6553 Ac, Av.",0,"2019-10-22 18:08:21",9);
INSERT INTO `votante` (`idVotante`,`nombre`,`direccion`,`mexicano`,`fechaNacimiento`,`mesa_idMesa`) VALUES ("PMA97JBN5CZ","Xyla","9632 Ipsum Street",1,"2020-01-11 02:06:52",17);
INSERT INTO `votante` (`idVotante`,`nombre`,`direccion`,`mexicano`,`fechaNacimiento`,`mesa_idMesa`) VALUES ("YXT46HQN4IR","Slade","P.O. Box 696, 2529 Scelerisque Rd.",1,"2020-08-23 13:36:39",6);
INSERT INTO `votante` (`idVotante`,`nombre`,`direccion`,`mexicano`,`fechaNacimiento`,`mesa_idMesa`) VALUES ("BBD47JBV1NV","Damian","111-8229 Iaculis Rd.",1,"2020-12-21 04:42:58",23);

----------------------------------------------------------------
------------------------Partido---------------------------------
----------------------------------------------------------------
INSERT INTO `partido` (`siglas`, `nombre`, `presidente_idVotante`) VALUES ("PRI", "Partido Revolucionario Independiente", "AAH47JUK6SS");
INSERT INTO `partido` (`siglas`, `nombre`, `presidente_idVotante`) VALUES ("PAN", "Partido Accion Nacional", "ASV65MBO9DT"); 
INSERT INTO `partido` (`siglas`, `nombre`, `presidente_idVotante`) VALUES ("MORENA", "La Esperanza de México", "BPP36RGY3HP");
INSERT INTO `partido` (`siglas`, `nombre`, `presidente_idVotante`) VALUES ("BBY", "Ballenitas en la Bahía Yuna", "BOD33QAA8NU");
INSERT INTO `partido` (`siglas`, `nombre`, `presidente_idVotante`) VALUES ("QUADRI", "Movimiento Naranja", "BJM56VDT5PN");
----------------------------------------------------------------
----------------------listaNominal------------------------------
----------------------------------------------------------------
INSERT INTO `listanominal` (`Votante_idVotante`, `partido_siglas`, `orden`) VALUES ("DXB40YAE3GY", "PRI", 1);
INSERT INTO `listanominal` (`Votante_idVotante`, `partido_siglas`, `orden`) VALUES ("ECD25OYX9GP", "PAN", 1);
INSERT INTO `listanominal` (`Votante_idVotante`, `partido_siglas`, `orden`) VALUES ("FTR07WEB0UR", "MORENA", 1);
INSERT INTO `listanominal` (`Votante_idVotante`, `partido_siglas`, `orden`) VALUES ("GCM61GXP5ZP", "BBY", 1);
INSERT INTO `listanominal` (`Votante_idVotante`, `partido_siglas`, `orden`) VALUES ("BPP36RGY3HP", "QUADRI", 1);
INSERT INTO `listanominal` (`Votante_idVotante`, `partido_siglas`, `orden`) VALUES ("CIW87GBF9SJ", "PRI", 2);
INSERT INTO `listanominal` (`Votante_idVotante`, `partido_siglas`, `orden`) VALUES ("CZX48MSJ7CU", "PAN", 2);
INSERT INTO `listanominal` (`Votante_idVotante`, `partido_siglas`, `orden`) VALUES ("DXB40YAE3GY", "MORENA", 2);
INSERT INTO `listanominal` (`Votante_idVotante`, `partido_siglas`, `orden`) VALUES ("ECD25OYX9GP", "BBY", 2);
INSERT INTO `listanominal` (`Votante_idVotante`, `partido_siglas`, `orden`) VALUES ("FTR07WEB0UR", "QUADRI", 2);
INSERT INTO `listanominal` (`Votante_idVotante`, `partido_siglas`, `orden`) VALUES ("GRM21CBI0SP", "PRI", 3);
INSERT INTO `listanominal` (`Votante_idVotante`, `partido_siglas`, `orden`) VALUES ("GYZ12TOC7AZ", "PAN", 3);
INSERT INTO `listanominal` (`Votante_idVotante`, `partido_siglas`, `orden`) VALUES ("HOC05ZZB5JZ", "MORENA", 3);
INSERT INTO `listanominal` (`Votante_idVotante`, `partido_siglas`, `orden`) VALUES ("IZR26XZX7AN", "BBY", 3);
INSERT INTO `listanominal` (`Votante_idVotante`, `partido_siglas`, `orden`) VALUES ("JGB55HNK6RS", "QUADRI", 3 );
INSERT INTO `listanominal` (`Votante_idVotante`, `partido_siglas`, `orden`) VALUES ("JTV07XNX0GJ", "PRI", 4);
INSERT INTO `listanominal` (`Votante_idVotante`, `partido_siglas`, `orden`) VALUES ("KYF40RIG8AL", "PAN", 4);
INSERT INTO `listanominal` (`Votante_idVotante`, `partido_siglas`, `orden`) VALUES ("LAG70DQE9QP", "MORENA", 4);
INSERT INTO `listanominal` (`Votante_idVotante`, `partido_siglas`, `orden`) VALUES ("LWR40CJO7FR", "BBY", 4);
INSERT INTO `listanominal` (`Votante_idVotante`, `partido_siglas`, `orden`) VALUES ("MVY28FXW9VJ", "QUADRI", 4);
----------------------------------------------------------------
------------------------apoderado-------------------------------
----------------------------------------------------------------
INSERT INTO `apoderado` (`idApoderado`, `nombre`, `Partido_siglas`) VALUES ("1", "Moises", "PRI");
INSERT INTO `apoderado` (`idApoderado`, `nombre`, `Partido_siglas`) VALUES ("2", "Daniel", "PRI");
INSERT INTO `apoderado` (`idApoderado`, `nombre`, `Partido_siglas`) VALUES ("3", "Camila", "PRI");

INSERT INTO `apoderado` (`idApoderado`, `nombre`, `Partido_siglas`) VALUES ("4", "Gabriel", "PAN");
INSERT INTO `apoderado` (`idApoderado`, `nombre`, `Partido_siglas`) VALUES ("5", "Totoro", "PAN");
INSERT INTO `apoderado` (`idApoderado`, `nombre`, `Partido_siglas`) VALUES ("6", "Luis", "PAN");

INSERT INTO `apoderado` (`idApoderado`, `nombre`, `Partido_siglas`) VALUES ("7", "Diego", "MORENA");
INSERT INTO `apoderado` (`idApoderado`, `nombre`, `Partido_siglas`) VALUES ("8", "Simon", "MORENA");
INSERT INTO `apoderado` (`idApoderado`, `nombre`, `Partido_siglas`) VALUES ("9", "Christian", "MORENA");

INSERT INTO `apoderado` (`idApoderado`, `nombre`, `Partido_siglas`) VALUES ("10", "Alberto", "BBY");
INSERT INTO `apoderado` (`idApoderado`, `nombre`, `Partido_siglas`) VALUES ("11", "Sergio", "BBY");
INSERT INTO `apoderado` (`idApoderado`, `nombre`, `Partido_siglas`) VALUES ("12", "Sebastian", "BBY");

INSERT INTO `apoderado` (`idApoderado`, `nombre`, `Partido_siglas`) VALUES ("13", "Gonzalo", "QUADRI");
INSERT INTO `apoderado` (`idApoderado`, `nombre`, `Partido_siglas`) VALUES ("14", "Alberto", "QUADRI");
INSERT INTO `apoderado` (`idApoderado`, `nombre`, `Partido_siglas`) VALUES ("15", "Alejandro", "QUADRI");
---------------------------------------------------------------
------------------------MUNICIPALES----------------------------
---------------------------------------------------------------
INSERT INTO `municipales` (`Eleccion_idEleccion`,`Partido_siglas`,`noVotos`) VALUES ("70","PRI",30);
INSERT INTO `municipales` (`Eleccion_idEleccion`,`Partido_siglas`,`noVotos`) VALUES ("70","QUADRI",24);
INSERT INTO `municipales` (`Eleccion_idEleccion`,`Partido_siglas`,`noVotos`) VALUES ("70","MORENA",17);
INSERT INTO `municipales` (`Eleccion_idEleccion`,`Partido_siglas`,`noVotos`) VALUES ("70","PAN",20);
INSERT INTO `municipales` (`Eleccion_idEleccion`,`Partido_siglas`,`noVotos`) VALUES ("70","BBY",9);

INSERT INTO `municipales` (`Eleccion_idEleccion`,`Partido_siglas`,`noVotos`) VALUES ("68","QUADRI",22);
INSERT INTO `municipales` (`Eleccion_idEleccion`,`Partido_siglas`,`noVotos`) VALUES ("68","MORENA",14);
INSERT INTO `municipales` (`Eleccion_idEleccion`,`Partido_siglas`,`noVotos`) VALUES ("68","PAN",9);
INSERT INTO `municipales` (`Eleccion_idEleccion`,`Partido_siglas`,`noVotos`) VALUES ("68","PRI",18);
INSERT INTO `municipales` (`Eleccion_idEleccion`,`Partido_siglas`,`noVotos`) VALUES ("68","BBY",37);

INSERT INTO `municipales` (`Eleccion_idEleccion`,`Partido_siglas`,`noVotos`) VALUES ("64","PRI",24);
INSERT INTO `municipales` (`Eleccion_idEleccion`,`Partido_siglas`,`noVotos`) VALUES ("64","BBY",10);
INSERT INTO `municipales` (`Eleccion_idEleccion`,`Partido_siglas`,`noVotos`) VALUES ("64","PAN",6);
INSERT INTO `municipales` (`Eleccion_idEleccion`,`Partido_siglas`,`noVotos`) VALUES ("64","MORENA",44);
INSERT INTO `municipales` (`Eleccion_idEleccion`,`Partido_siglas`,`noVotos`) VALUES ("64","QUADRI",16);

INSERT INTO `municipales` (`Eleccion_idEleccion`,`Partido_siglas`,`noVotos`) VALUES ("66","PAN",4);
INSERT INTO `municipales` (`Eleccion_idEleccion`,`Partido_siglas`,`noVotos`) VALUES ("66","BBY",14);
INSERT INTO `municipales` (`Eleccion_idEleccion`,`Partido_siglas`,`noVotos`) VALUES ("66","MORENA",30);
INSERT INTO `municipales` (`Eleccion_idEleccion`,`Partido_siglas`,`noVotos`) VALUES ("66","QUADRI",22);
INSERT INTO `municipales` (`Eleccion_idEleccion`,`Partido_siglas`,`noVotos`) VALUES ("66","PRI",30);
---------------------------------------------------------------
--------------------------FEDERALES----------------------------
---------------------------------------------------------------
INSERT INTO `federales` (`Eleccion_idEleccion`,`Partido_siglas`,`noVotos`) VALUES (66,"PRI",30);
INSERT INTO `federales` (`Eleccion_idEleccion`,`Partido_siglas`,`noVotos`) VALUES (66,"QUADRI",24);
INSERT INTO `federales` (`Eleccion_idEleccion`,`Partido_siglas`,`noVotos`) VALUES (66,"MORENA",17);
INSERT INTO `federales` (`Eleccion_idEleccion`,`Partido_siglas`,`noVotos`) VALUES (66,"PAN",20);
INSERT INTO `federales` (`Eleccion_idEleccion`,`Partido_siglas`,`noVotos`) VALUES (66,"BBY",9);

INSERT INTO `federales` (`Eleccion_idEleccion`,`Partido_siglas`,`noVotos`) VALUES (64,"QUADRI",22);
INSERT INTO `federales` (`Eleccion_idEleccion`,`Partido_siglas`,`noVotos`) VALUES (64,"MORENA",14);
INSERT INTO `federales` (`Eleccion_idEleccion`,`Partido_siglas`,`noVotos`) VALUES (64,"PAN",9);
INSERT INTO `federales` (`Eleccion_idEleccion`,`Partido_siglas`,`noVotos`) VALUES (64,"PRI",18);
INSERT INTO `federales` (`Eleccion_idEleccion`,`Partido_siglas`,`noVotos`) VALUES (64,"BBY",37);

INSERT INTO `federales` (`Eleccion_idEleccion`,`Partido_siglas`,`noVotos`) VALUES (68,"PRI",24);
INSERT INTO `federales` (`Eleccion_idEleccion`,`Partido_siglas`,`noVotos`) VALUES (68,"BBY",10);
INSERT INTO `federales` (`Eleccion_idEleccion`,`Partido_siglas`,`noVotos`) VALUES (68,"PAN",6);
INSERT INTO `federales` (`Eleccion_idEleccion`,`Partido_siglas`,`noVotos`) VALUES (68,"MORENA",44);
INSERT INTO `federales` (`Eleccion_idEleccion`,`Partido_siglas`,`noVotos`) VALUES (68,"QUADRI",16);

INSERT INTO `federales` (`Eleccion_idEleccion`,`Partido_siglas`,`noVotos`) VALUES (70,"PAN",4);
INSERT INTO `federales` (`Eleccion_idEleccion`,`Partido_siglas`,`noVotos`) VALUES (70,"BBY",14);
INSERT INTO `federales` (`Eleccion_idEleccion`,`Partido_siglas`,`noVotos`) VALUES (70,"MORENA",30);
INSERT INTO `federales` (`Eleccion_idEleccion`,`Partido_siglas`,`noVotos`) VALUES (70,"QUADRI",22);
INSERT INTO `federales` (`Eleccion_idEleccion`,`Partido_siglas`,`noVotos`) VALUES (70,"PRI",30);
---------------------------------------------------------------
---------------------------MIEMBROS----------------------------
---------------------------------------------------------------
INSERT INTO `miembro`(`idMiembro`, `tipoMiembro`, `Votante_idVotante`) VALUES (1, "Presidente", "RXL51WTU0FY");
INSERT INTO `miembro`(`idMiembro`, `tipoMiembro`, `Votante_idVotante`) VALUES (2, "Vocal", "WJA79ZOI7IF");
INSERT INTO `miembro`(`idMiembro`, `tipoMiembro`, `Votante_idVotante`) VALUES (3, "Vocal", "JMZ72QVD0AF");

INSERT INTO `miembro`(`idMiembro`, `tipoMiembro`, `Votante_idVotante`) VALUES (5, "Presidente", "ZSZ82NIN0ZX");
INSERT INTO `miembro`(`idMiembro`, `tipoMiembro`, `Votante_idVotante`) VALUES (6, "Vocal", "IYG47VBD8MJ");
INSERT INTO `miembro`(`idMiembro`, `tipoMiembro`, `Votante_idVotante`) VALUES (7, "Vocal", "QMR95GDS0LZ");

INSERT INTO `miembro`(`idMiembro`, `tipoMiembro`, `Votante_idVotante`) VALUES (8, "Presidente", "ERA19WQU9BI");
INSERT INTO `miembro`(`idMiembro`, `tipoMiembro`, `Votante_idVotante`) VALUES (9, "Vocal", "TVY52JMF6SQ");
INSERT INTO `miembro`(`idMiembro`, `tipoMiembro`, `Votante_idVotante`) VALUES (10, "Vocal", "ELO79COW1SL");

INSERT INTO `miembro`(`idMiembro`, `tipoMiembro`, `Votante_idVotante`) VALUES (11, "Presidente", "UQP38COY3AX");
INSERT INTO `miembro`(`idMiembro`, `tipoMiembro`, `Votante_idVotante`) VALUES (12, "Vocal", "DQG78RSD9HH");
INSERT INTO `miembro`(`idMiembro`, `tipoMiembro`, `Votante_idVotante`) VALUES (13, "Vocal", "XQE26GZZ2HK");

INSERT INTO `miembro`(`idMiembro`, `tipoMiembro`, `Votante_idVotante`) VALUES (14, "Presidente", "UPN17OEF9LI");
INSERT INTO `miembro`(`idMiembro`, `tipoMiembro`, `Votante_idVotante`) VALUES (15, "Vocal", "ZMS85QEK7AI");
INSERT INTO `miembro`(`idMiembro`, `tipoMiembro`, `Votante_idVotante`) VALUES (16, "Vocal", "PVX64RHB7GO");

INSERT INTO `miembro`(`idMiembro`, `tipoMiembro`, `Votante_idVotante`) VALUES (17, "Presidente", "CXV77WYD6XS");
INSERT INTO `miembro`(`idMiembro`, `tipoMiembro`, `Votante_idVotante`) VALUES (18, "Vocal", "BSR13NPB0OR");
INSERT INTO `miembro`(`idMiembro`, `tipoMiembro`, `Votante_idVotante`) VALUES (19, "Vocal", "JSX28JCN5IX");

INSERT INTO `miembro`(`idMiembro`, `tipoMiembro`, `Votante_idVotante`) VALUES (20, "Presidente", "ULJ50YFB3RI");
INSERT INTO `miembro`(`idMiembro`, `tipoMiembro`, `Votante_idVotante`) VALUES (21, "Vocal", "XKY29USH5MI");
INSERT INTO `miembro`(`idMiembro`, `tipoMiembro`, `Votante_idVotante`) VALUES (22, "Vocal", "EJB68OII4XI");

INSERT INTO `miembro`(`idMiembro`, `tipoMiembro`, `Votante_idVotante`) VALUES (23, "Presidente", "PEQ91ZBP4UZ");
INSERT INTO `miembro`(`idMiembro`, `tipoMiembro`, `Votante_idVotante`) VALUES (24, "Vocal", "IVS29SQV8SG");
INSERT INTO `miembro`(`idMiembro`, `tipoMiembro`, `Votante_idVotante`) VALUES (25, "Vocal", "BSB96PQX5DQ");

INSERT INTO `miembro`(`idMiembro`, `tipoMiembro`, `Votante_idVotante`) VALUES (26, "Presidente", "PNF71WNC4IZ");
INSERT INTO `miembro`(`idMiembro`, `tipoMiembro`, `Votante_idVotante`) VALUES (27, "Vocal", "GTV78GXZ3WP");
INSERT INTO `miembro`(`idMiembro`, `tipoMiembro`, `Votante_idVotante`) VALUES (28, "Vocal", "YEX81DAR8BU");

INSERT INTO `miembro`(`idMiembro`, `tipoMiembro`, `Votante_idVotante`) VALUES (29, "Presidente", "FKC89HJU9JK");
INSERT INTO `miembro`(`idMiembro`, `tipoMiembro`, `Votante_idVotante`) VALUES (30, "Vocal", "UJP58EPT2XP");
INSERT INTO `miembro`(`idMiembro`, `tipoMiembro`, `Votante_idVotante`) VALUES (31, "Vocal", "LCB19HGF3LS");

INSERT INTO `miembro`(`idMiembro`, `tipoMiembro`, `Votante_idVotante`) VALUES (32, "Presidente", "ZTZ90HET1ED");
INSERT INTO `miembro`(`idMiembro`, `tipoMiembro`, `Votante_idVotante`) VALUES (33, "Vocal", "HCL42REI2GH");
INSERT INTO `miembro`(`idMiembro`, `tipoMiembro`, `Votante_idVotante`) VALUES (33, "Vocal", "IAQ39TIN1LA");

INSERT INTO `miembro`(`idMiembro`, `tipoMiembro`, `Votante_idVotante`) VALUES (34, "Presidente", "CCF48SCF8RB");
INSERT INTO `miembro`(`idMiembro`, `tipoMiembro`, `Votante_idVotante`) VALUES (35, "Vocal", "AWU23SVA8MQ");
INSERT INTO `miembro`(`idMiembro`, `tipoMiembro`, `Votante_idVotante`) VALUES (36, "Vocal", "IOJ02PTM9LK");

INSERT INTO `miembro`(`idMiembro`, `tipoMiembro`, `Votante_idVotante`) VALUES (37, "Presidente", "MYZ40VDW0FD");
INSERT INTO `miembro`(`idMiembro`, `tipoMiembro`, `Votante_idVotante`) VALUES (38, "Vocal", "KGP19SKE9MA");
INSERT INTO `miembro`(`idMiembro`, `tipoMiembro`, `Votante_idVotante`) VALUES (39, "Vocal", "CKN25SNY7UG");

INSERT INTO `miembro`(`idMiembro`, `tipoMiembro`, `Votante_idVotante`) VALUES (40, "Presidente", "WNO35LAF4JL");