---------------------------------------------------------------
-------------Colegios electorales------------------------------
---------------------------------------------------------------
INSERT INTO `colegio` (`noCorrelativos`,`fechaInicio`,`fechaFin`) VALUES (1,"2022-10-28 09:36:40","2017-11-18 16:05:45");
INSERT INTO `colegio` (`noCorrelativos`,`fechaInicio`,`fechaFin`) VALUES (2,"2012-10-09 12:40:36","2020-10-21 01:44:20");
INSERT INTO `colegio` (`noCorrelativos`,`fechaInicio`,`fechaFin`) VALUES (3,"2016-10-08 11:48:12","2016-11-18 08:59:00");
INSERT INTO `colegio` (`noCorrelativos`,`fechaInicio`,`fechaFin`) VALUES (4,"2012-11-30 16:21:30","2023-07-23 01:58:15");
INSERT INTO `colegio` (`noCorrelativos`,`fechaInicio`,`fechaFin`) VALUES (5,"2016-07-16 20:10:53","2016-02-12 04:22:59");
INSERT INTO `colegio` (`noCorrelativos`,`fechaInicio`,`fechaFin`) VALUES (6,"2013-11-14 22:20:02","2019-10-11 17:54:07");
INSERT INTO `colegio` (`noCorrelativos`,`fechaInicio`,`fechaFin`) VALUES (7,"2014-11-26 09:30:15","2021-03-14 19:09:42");
INSERT INTO `colegio` (`noCorrelativos`,`fechaInicio`,`fechaFin`) VALUES (8,"2019-05-22 13:44:14","2017-10-15 11:44:13");
INSERT INTO `colegio` (`noCorrelativos`,`fechaInicio`,`fechaFin`) VALUES (9,"2016-02-18 19:04:29","2022-04-15 17:11:47");
INSERT INTO `colegio` (`noCorrelativos`,`fechaInicio`,`fechaFin`) VALUES (10,"2023-11-08 01:07:38","2016-03-26 15:31:30");
----------------------------------------------------------------
-------------------------ID votos-------------------------------
----------------------------------------------------------------
INSERT INTO `eleccion` (`idEleccion`) VALUES ("64");
INSERT INTO `eleccion` (`idEleccion`) VALUES ("66");
INSERT INTO `eleccion` (`idEleccion`) VALUES ("68");
INSERT INTO `eleccion` (`idEleccion`) VALUES ("70");
----------------------------------------------------------------
-------------------------Mesas----------------------------------
----------------------------------------------------------------
INSERT INTO `mesa` (`
idMesa`,`letraMesa
`,`Colegio_noCorrelativos`,`Eleccion_idEleccion`) VALUES
(1,"A",5,"68");
INSERT INTO `mesa` (`
idMesa`,`letraMesa
`,`Colegio_noCorrelativos`,`Eleccion_idEleccion`) VALUES
(2,"A",8,"70");
INSERT INTO `mesa` (`
idMesa`,`letraMesa
`,`Colegio_noCorrelativos`,`Eleccion_idEleccion`) VALUES
(3,"B",6,"68");
INSERT INTO `mesa` (`
idMesa`,`letraMesa
`,`Colegio_noCorrelativos`,`Eleccion_idEleccion`) VALUES
(4,"B",6,"68");
INSERT INTO `mesa` (`
idMesa`,`letraMesa
`,`Colegio_noCorrelativos`,`Eleccion_idEleccion`) VALUES
(5,"C",8,"64");
INSERT INTO `mesa` (`
idMesa`,`letraMesa
`,`Colegio_noCorrelativos`,`Eleccion_idEleccion`) VALUES
(6,"C",1,"64");
INSERT INTO `mesa` (`
idMesa`,`letraMesa
`,`Colegio_noCorrelativos`,`Eleccion_idEleccion`) VALUES
(7,"D",2,"70");
INSERT INTO `mesa` (`
idMesa`,`letraMesa
`,`Colegio_noCorrelativos`,`Eleccion_idEleccion`) VALUES
(8,"D",4,"64");
INSERT INTO `mesa` (`
idMesa`,`letraMesa
`,`Colegio_noCorrelativos`,`Eleccion_idEleccion`) VALUES
(9,"A",9,"68");
INSERT INTO `mesa` (`
idMesa`,`letraMesa
`,`Colegio_noCorrelativos`,`Eleccion_idEleccion`) VALUES
(10,"A",8,"68");
INSERT INTO `mesa` (`
idMesa`,`letraMesa
`,`Colegio_noCorrelativos`,`Eleccion_idEleccion`) VALUES
(11,"B",8,"68");
INSERT INTO `mesa` (`
idMesa`,`letraMesa
`,`Colegio_noCorrelativos`,`Eleccion_idEleccion`) VALUES
(12,"B",5,"66");
INSERT INTO `mesa` (`
idMesa`,`letraMesa
`,`Colegio_noCorrelativos`,`Eleccion_idEleccion`) VALUES
(13,"C",3,"66");
INSERT INTO `mesa` (`
idMesa`,`letraMesa
`,`Colegio_noCorrelativos`,`Eleccion_idEleccion`) VALUES
(14,"C",2,"70");
INSERT INTO `mesa` (`
idMesa`,`letraMesa
`,`Colegio_noCorrelativos`,`Eleccion_idEleccion`) VALUES
(15,"D",5,"64");
INSERT INTO `mesa` (`
idMesa`,`letraMesa
`,`Colegio_noCorrelativos`,`Eleccion_idEleccion`) VALUES
(16,"D",1,"68");
INSERT INTO `mesa` (`
idMesa`,`letraMesa
`,`Colegio_noCorrelativos`,`Eleccion_idEleccion`) VALUES
(17,"A",7,"68");
INSERT INTO `mesa` (`
idMesa`,`letraMesa
`,`Colegio_noCorrelativos`,`Eleccion_idEleccion`) VALUES
(18,"A",3,"70");
INSERT INTO `mesa` (`
idMesa`,`letraMesa
`,`Colegio_noCorrelativos`,`Eleccion_idEleccion`) VALUES
(19,"B",2,"68");
INSERT INTO `mesa` (`
idMesa`,`letraMesa
`,`Colegio_noCorrelativos`,`Eleccion_idEleccion`) VALUES
(20,"B",2,"66");
INSERT INTO `mesa` (`
idMesa`,`letraMesa
`,`Colegio_noCorrelativos`,`Eleccion_idEleccion`) VALUES
(21,"C",10,"70");
INSERT INTO `mesa` (`
idMesa`,`letraMesa
`,`Colegio_noCorrelativos`,`Eleccion_idEleccion`) VALUES
(22,"C",2,"68");
INSERT INTO `mesa` (`
idMesa`,`letraMesa
`,`Colegio_noCorrelativos`,`Eleccion_idEleccion`) VALUES
(23,"D",6,"66");
INSERT INTO `mesa` (`
idMesa`,`letraMesa
`,`Colegio_noCorrelativos`,`Eleccion_idEleccion`) VALUES
(24,"D",2,"68");
INSERT INTO `mesa` (`
idMesa`,`letraMesa
`,`Colegio_noCorrelativos`,`Eleccion_idEleccion`) VALUES
(25,"A",7,"64");
INSERT INTO `mesa` (`
idMesa`,`letraMesa
`,`Colegio_noCorrelativos`,`Eleccion_idEleccion`) VALUES
(26,"A",10,"66");
INSERT INTO `mesa` (`
idMesa`,`letraMesa
`,`Colegio_noCorrelativos`,`Eleccion_idEleccion`) VALUES
(27,"B",2,"70");
INSERT INTO `mesa` (`
idMesa`,`letraMesa
`,`Colegio_noCorrelativos`,`Eleccion_idEleccion`) VALUES
(28,"B",7,"70");
INSERT INTO `mesa` (`
idMesa`,`letraMesa
`,`Colegio_noCorrelativos`,`Eleccion_idEleccion`) VALUES
(29,"C",6,"70");
INSERT INTO `mesa` (`
idMesa`,`letraMesa
`,`Colegio_noCorrelativos`,`Eleccion_idEleccion`) VALUES
(30,"C",10,"70");
INSERT INTO `mesa` (`
idMesa`,`letraMesa
`,`Colegio_noCorrelativos`,`Eleccion_idEleccion`) VALUES
(31,"D",9,"66");
INSERT INTO `mesa` (`
idMesa`,`letraMesa
`,`Colegio_noCorrelativos`,`Eleccion_idEleccion`) VALUES
(32,"D",4,"64");
INSERT INTO `mesa` (`
idMesa`,`letraMesa
`,`Colegio_noCorrelativos`,`Eleccion_idEleccion`) VALUES
(33,"A",10,"64");
INSERT INTO `mesa` (`
idMesa`,`letraMesa
`,`Colegio_noCorrelativos`,`Eleccion_idEleccion`) VALUES
(34,"A",8,"70");
INSERT INTO `mesa` (`
idMesa`,`letraMesa
`,`Colegio_noCorrelativos`,`Eleccion_idEleccion`) VALUES
(35,"B",4,"70");
INSERT INTO `mesa` (`
idMesa`,`letraMesa
`,`Colegio_noCorrelativos`,`Eleccion_idEleccion`) VALUES
(36,"B",9,"66");
INSERT INTO `mesa` (`
idMesa`,`letraMesa
`,`Colegio_noCorrelativos`,`Eleccion_idEleccion`) VALUES
(37,"C",10,"70");
INSERT INTO `mesa` (`
idMesa`,`letraMesa
`,`Colegio_noCorrelativos`,`Eleccion_idEleccion`) VALUES
(38,"C",4,"70");
INSERT INTO `mesa` (`
idMesa`,`letraMesa
`,`Colegio_noCorrelativos`,`Eleccion_idEleccion`) VALUES
(39,"D",4,"68");
INSERT INTO `mesa` (`
idMesa`,`letraMesa
`,`Colegio_noCorrelativos`,`Eleccion_idEleccion`) VALUES
(40,"D",10,"70");
---------------------------------------------------------------
-------------------------VOTANTE-------------------------------
---------------------------------------------------------------
