---------------------------------------------------------------
-------------Colegios electorales------------------------------
---------------------------------------------------------------
INSERT INTO `colegio` (`noCorrelativos`,`fechaInicio`,`fechaFin`) VALUES (1,"2022-10-28 09:36:40","2017-11-18 16:05:45");
INSERT INTO `colegio` (`noCorrelativos`,`fechaInicio`,`fechaFin`) VALUES (2,"2012-10-09 12:40:36","2020-10-21 01:44:20");
INSERT INTO `colegio` (`noCorrelativos`,`fechaInicio`,`fechaFin`) VALUES (3,"2016-10-08 11:48:12","2016-11-18 08:59:00");
INSERT INTO `colegio` (`noCorrelativos`,`fechaInicio`,`fechaFin`) VALUES (4,"2012-11-30 16:21:30","2023-07-23 01:58:15");
INSERT INTO `colegio` (`noCorrelativos`,`fechaInicio`,`fechaFin`) VALUES (5,"2016-07-16 20:10:53","2016-02-12 04:22:59");
INSERT INTO `colegio` (`noCorrelativos`,`fechaInicio`,`fechaFin`) VALUES (6,"2013-11-14 22:20:02","2019-10-11 17:54:07");
INSERT INTO `colegio` (`noCorrelativos`,`fechaInicio`,`fechaFin`) VALUES (7,"2014-11-26 09:30:15","2021-03-14 19:09:42");
INSERT INTO `colegio` (`noCorrelativos`,`fechaInicio`,`fechaFin`) VALUES (8,"2019-05-22 13:44:14","2017-10-15 11:44:13");
INSERT INTO `colegio` (`noCorrelativos`,`fechaInicio`,`fechaFin`) VALUES (9,"2016-02-18 19:04:29","2022-04-15 17:11:47");
INSERT INTO `colegio` (`noCorrelativos`,`fechaInicio`,`fechaFin`) VALUES (10,"2023-11-08 01:07:38","2016-03-26 15:31:30");
----------------------------------------------------------------
-------------------------ID votos-------------------------------
----------------------------------------------------------------
INSERT INTO `eleccion` (`idEleccion`) VALUES ("64");
INSERT INTO `eleccion` (`idEleccion`) VALUES ("66");
INSERT INTO `eleccion` (`idEleccion`) VALUES ("68");
INSERT INTO `eleccion` (`idEleccion`) VALUES ("70");
----------------------------------------------------------------
-------------------------Mesas----------------------------------
----------------------------------------------------------------
INSERT INTO `mesa` (`
idMesa`,`letraMesa
`,`Colegio_noCorrelativos`,`Eleccion_idEleccion`) VALUES
(1,"A",5,"68");
INSERT INTO `mesa` (`
idMesa`,`letraMesa
`,`Colegio_noCorrelativos`,`Eleccion_idEleccion`) VALUES
(2,"A",8,"70");
INSERT INTO `mesa` (`
idMesa`,`letraMesa
`,`Colegio_noCorrelativos`,`Eleccion_idEleccion`) VALUES
(3,"B",6,"68");
INSERT INTO `mesa` (`
idMesa`,`letraMesa
`,`Colegio_noCorrelativos`,`Eleccion_idEleccion`) VALUES
(4,"B",6,"68");
INSERT INTO `mesa` (`
idMesa`,`letraMesa
`,`Colegio_noCorrelativos`,`Eleccion_idEleccion`) VALUES
(5,"C",8,"64");
INSERT INTO `mesa` (`
idMesa`,`letraMesa
`,`Colegio_noCorrelativos`,`Eleccion_idEleccion`) VALUES
(6,"C",1,"64");
INSERT INTO `mesa` (`
idMesa`,`letraMesa
`,`Colegio_noCorrelativos`,`Eleccion_idEleccion`) VALUES
(7,"D",2,"70");
INSERT INTO `mesa` (`
idMesa`,`letraMesa
`,`Colegio_noCorrelativos`,`Eleccion_idEleccion`) VALUES
(8,"D",4,"64");
INSERT INTO `mesa` (`
idMesa`,`letraMesa
`,`Colegio_noCorrelativos`,`Eleccion_idEleccion`) VALUES
(9,"A",9,"68");
INSERT INTO `mesa` (`
idMesa`,`letraMesa
`,`Colegio_noCorrelativos`,`Eleccion_idEleccion`) VALUES
(10,"A",8,"68");
INSERT INTO `mesa` (`
idMesa`,`letraMesa
`,`Colegio_noCorrelativos`,`Eleccion_idEleccion`) VALUES
(11,"B",8,"68");
INSERT INTO `mesa` (`
idMesa`,`letraMesa
`,`Colegio_noCorrelativos`,`Eleccion_idEleccion`) VALUES
(12,"B",5,"66");
INSERT INTO `mesa` (`
idMesa`,`letraMesa
`,`Colegio_noCorrelativos`,`Eleccion_idEleccion`) VALUES
(13,"C",3,"66");
INSERT INTO `mesa` (`
idMesa`,`letraMesa
`,`Colegio_noCorrelativos`,`Eleccion_idEleccion`) VALUES
(14,"C",2,"70");
INSERT INTO `mesa` (`
idMesa`,`letraMesa
`,`Colegio_noCorrelativos`,`Eleccion_idEleccion`) VALUES
(15,"D",5,"64");
INSERT INTO `mesa` (`
idMesa`,`letraMesa
`,`Colegio_noCorrelativos`,`Eleccion_idEleccion`) VALUES
(16,"D",1,"68");
INSERT INTO `mesa` (`
idMesa`,`letraMesa
`,`Colegio_noCorrelativos`,`Eleccion_idEleccion`) VALUES
(17,"A",7,"68");
INSERT INTO `mesa` (`
idMesa`,`letraMesa
`,`Colegio_noCorrelativos`,`Eleccion_idEleccion`) VALUES
(18,"A",3,"70");
INSERT INTO `mesa` (`
idMesa`,`letraMesa
`,`Colegio_noCorrelativos`,`Eleccion_idEleccion`) VALUES
(19,"B",2,"68");
INSERT INTO `mesa` (`
idMesa`,`letraMesa
`,`Colegio_noCorrelativos`,`Eleccion_idEleccion`) VALUES
(20,"B",2,"66");
INSERT INTO `mesa` (`
idMesa`,`letraMesa
`,`Colegio_noCorrelativos`,`Eleccion_idEleccion`) VALUES
(21,"C",10,"70");
INSERT INTO `mesa` (`
idMesa`,`letraMesa
`,`Colegio_noCorrelativos`,`Eleccion_idEleccion`) VALUES
(22,"C",2,"68");
INSERT INTO `mesa` (`
idMesa`,`letraMesa
`,`Colegio_noCorrelativos`,`Eleccion_idEleccion`) VALUES
(23,"D",6,"66");
INSERT INTO `mesa` (`
idMesa`,`letraMesa
`,`Colegio_noCorrelativos`,`Eleccion_idEleccion`) VALUES
(24,"D",2,"68");
INSERT INTO `mesa` (`
idMesa`,`letraMesa
`,`Colegio_noCorrelativos`,`Eleccion_idEleccion`) VALUES
(25,"A",7,"64");
INSERT INTO `mesa` (`
idMesa`,`letraMesa
`,`Colegio_noCorrelativos`,`Eleccion_idEleccion`) VALUES
(26,"A",10,"66");
INSERT INTO `mesa` (`
idMesa`,`letraMesa
`,`Colegio_noCorrelativos`,`Eleccion_idEleccion`) VALUES
(27,"B",2,"70");
INSERT INTO `mesa` (`
idMesa`,`letraMesa
`,`Colegio_noCorrelativos`,`Eleccion_idEleccion`) VALUES
(28,"B",7,"70");
INSERT INTO `mesa` (`
idMesa`,`letraMesa
`,`Colegio_noCorrelativos`,`Eleccion_idEleccion`) VALUES
(29,"C",6,"70");
INSERT INTO `mesa` (`
idMesa`,`letraMesa
`,`Colegio_noCorrelativos`,`Eleccion_idEleccion`) VALUES
(30,"C",10,"70");
INSERT INTO `mesa` (`
idMesa`,`letraMesa
`,`Colegio_noCorrelativos`,`Eleccion_idEleccion`) VALUES
(31,"D",9,"66");
INSERT INTO `mesa` (`
idMesa`,`letraMesa
`,`Colegio_noCorrelativos`,`Eleccion_idEleccion`) VALUES
(32,"D",4,"64");
INSERT INTO `mesa` (`
idMesa`,`letraMesa
`,`Colegio_noCorrelativos`,`Eleccion_idEleccion`) VALUES
(33,"A",10,"64");
INSERT INTO `mesa` (`
idMesa`,`letraMesa
`,`Colegio_noCorrelativos`,`Eleccion_idEleccion`) VALUES
(34,"A",8,"70");
INSERT INTO `mesa` (`
idMesa`,`letraMesa
`,`Colegio_noCorrelativos`,`Eleccion_idEleccion`) VALUES
(35,"B",4,"70");
INSERT INTO `mesa` (`
idMesa`,`letraMesa
`,`Colegio_noCorrelativos`,`Eleccion_idEleccion`) VALUES
(36,"B",9,"66");
INSERT INTO `mesa` (`
idMesa`,`letraMesa
`,`Colegio_noCorrelativos`,`Eleccion_idEleccion`) VALUES
(37,"C",10,"70");
INSERT INTO `mesa` (`
idMesa`,`letraMesa
`,`Colegio_noCorrelativos`,`Eleccion_idEleccion`) VALUES
(38,"C",4,"70");
INSERT INTO `mesa` (`
idMesa`,`letraMesa
`,`Colegio_noCorrelativos`,`Eleccion_idEleccion`) VALUES
(39,"D",4,"68");
INSERT INTO `mesa` (`
idMesa`,`letraMesa
`,`Colegio_noCorrelativos`,`Eleccion_idEleccion`) VALUES
(40,"D",10,"70");
---------------------------------------------------------------
-------------------------VOTANTE-------------------------------
---------------------------------------------------------------
INSERT INTO `votante` (`
idVotante`,`nombre
`,`direccion`,`mexicano`,`fechaNacimiento`,`mesa_idMesa`) VALUES
("HVM78ORJ9CW","Troy","P.O. Box 318, 5637 Fusce Ave",1,"2020-03-18 22:36:42",7);
INSERT INTO `votante` (`
idVotante`,`nombre
`,`direccion`,`mexicano`,`fechaNacimiento`,`mesa_idMesa`) VALUES
("XOM70IYY9NR","Catherine","Ap #331-6795 Sed, Rd.",1,"2021-03-03 14:19:34",17);
INSERT INTO `votante` (`
idVotante`,`nombre
`,`direccion`,`mexicano`,`fechaNacimiento`,`mesa_idMesa`) VALUES
("HOC05ZZB5JZ","Avram","8021 Sociis Street",0,"2020-09-11 08:57:56",29);
INSERT INTO `votante` (`
idVotante`,`nombre
`,`direccion`,`mexicano`,`fechaNacimiento`,`mesa_idMesa`) VALUES
("WNK51HXV8IH","Bree","9191 Donec St.",0,"2019-04-25 18:31:18",25);
INSERT INTO `votante` (`
idVotante`,`nombre
`,`direccion`,`mexicano`,`fechaNacimiento`,`mesa_idMesa`) VALUES
("WCN37PZF2HG","Ryder","P.O. Box 364, 170 Dictum Rd.",0,"2020-06-17 09:17:44",27);
INSERT INTO `votante` (`
idVotante`,`nombre
`,`direccion`,`mexicano`,`fechaNacimiento`,`mesa_idMesa`) VALUES
("XPY19DOP0DP","Gay","P.O. Box 263, 6508 A, St.",1,"2020-04-09 13:19:47",34);
INSERT INTO `votante` (`
idVotante`,`nombre
`,`direccion`,`mexicano`,`fechaNacimiento`,`mesa_idMesa`) VALUES
("QVT51BJJ3CC","Brett","P.O. Box 115, 4638 Nibh. St.",0,"2020-01-08 13:14:28",6);
INSERT INTO `votante` (`
idVotante`,`nombre
`,`direccion`,`mexicano`,`fechaNacimiento`,`mesa_idMesa`) VALUES
("ECD25OYX9GP","Jocelyn","7126 Faucibus Avenue",0,"2020-05-03 17:04:27",34);
INSERT INTO `votante` (`
idVotante`,`nombre
`,`direccion`,`mexicano`,`fechaNacimiento`,`mesa_idMesa`) VALUES
("DXB40YAE3GY","Chanda","8762 Sagittis Rd.",0,"2019-08-07 06:13:37",27);
INSERT INTO `votante` (`
idVotante`,`nombre
`,`direccion`,`mexicano`,`fechaNacimiento`,`mesa_idMesa`) VALUES
("VVZ54BLG5TJ","Iola","P.O. Box 559, 9600 Semper, Av.",0,"2019-11-06 00:47:30",23);
INSERT INTO `votante` (`
idVotante`,`nombre
`,`direccion`,`mexicano`,`fechaNacimiento`,`mesa_idMesa`) VALUES
("ZPY17VEP3MU","Ahmed","Ap #523-1049 Id, Av.",0,"2021-01-12 22:25:45",2);
INSERT INTO `votante` (`
idVotante`,`nombre
`,`direccion`,`mexicano`,`fechaNacimiento`,`mesa_idMesa`) VALUES
("OLG14TLI7YC","Alisa","P.O. Box 880, 3301 Id Avenue",1,"2020-12-24 02:25:13",35);
INSERT INTO `votante` (`
idVotante`,`nombre
`,`direccion`,`mexicano`,`fechaNacimiento`,`mesa_idMesa`) VALUES
("THJ31UOK3NJ","Noelani","9033 Vivamus Rd.",1,"2019-04-17 01:26:03",2);
INSERT INTO `votante` (`
idVotante`,`nombre
`,`direccion`,`mexicano`,`fechaNacimiento`,`mesa_idMesa`) VALUES
("DJZ86ZOQ2YR","Illana","798-1720 Nulla Street",1,"2020-12-19 18:04:30",28);
INSERT INTO `votante` (`
idVotante`,`nombre
`,`direccion`,`mexicano`,`fechaNacimiento`,`mesa_idMesa`) VALUES
("BOD33QAA8NU","Julie","P.O. Box 762, 4345 Sit Rd.",0,"2019-05-31 11:39:52",37);
INSERT INTO `votante` (`
idVotante`,`nombre
`,`direccion`,`mexicano`,`fechaNacimiento`,`mesa_idMesa`) VALUES
("JGB55HNK6RS","Leigh","Ap #355-2225 Pellentesque St.",0,"2020-08-04 05:52:39",38);
INSERT INTO `votante` (`
idVotante`,`nombre
`,`direccion`,`mexicano`,`fechaNacimiento`,`mesa_idMesa`) VALUES
("CZP48KGC7BR","Ariel","P.O. Box 623, 2685 Suscipit Rd.",1,"2019-06-26 12:20:02",18);
INSERT INTO `votante` (`
idVotante`,`nombre
`,`direccion`,`mexicano`,`fechaNacimiento`,`mesa_idMesa`) VALUES
("CSI26JPW1FM","Upton","416-6184 Quisque St.",1,"2020-11-21 20:40:57",4);
INSERT INTO `votante` (`
idVotante`,`nombre
`,`direccion`,`mexicano`,`fechaNacimiento`,`mesa_idMesa`) VALUES
("QGF27CXB4IQ","Melanie","P.O. Box 885, 5214 Interdum. Rd.",1,"2019-11-11 23:17:15",27);
INSERT INTO `votante` (`
idVotante`,`nombre
`,`direccion`,`mexicano`,`fechaNacimiento`,`mesa_idMesa`) VALUES
("ETC76WZC5FC","Aretha","2909 Quis, Av.",1,"2019-12-23 05:17:56",22);
INSERT INTO `votante` (`
idVotante`,`nombre
`,`direccion`,`mexicano`,`fechaNacimiento`,`mesa_idMesa`) VALUES
("OMX08RWX1VB","Kelly","181-691 Mauris Rd.",1,"2019-08-05 07:35:10",32);
INSERT INTO `votante` (`
idVotante`,`nombre
`,`direccion`,`mexicano`,`fechaNacimiento`,`mesa_idMesa`) VALUES
("SNG47NAL4WL","Bradley","Ap #514-3871 Nec Rd.",0,"2019-07-10 23:18:35",17);
INSERT INTO `votante` (`
idVotante`,`nombre
`,`direccion`,`mexicano`,`fechaNacimiento`,`mesa_idMesa`) VALUES
("KLB75EEX0JV","Uriel","P.O. Box 162, 105 Cras Avenue",1,"2020-12-01 05:06:19",17);
INSERT INTO `votante` (`
idVotante`,`nombre
`,`direccion`,`mexicano`,`fechaNacimiento`,`mesa_idMesa`) VALUES
("SSI85EKW2DS","Boris","9085 Dolor Ave",1,"2020-07-01 14:53:39",6);
INSERT INTO `votante` (`
idVotante`,`nombre
`,`direccion`,`mexicano`,`fechaNacimiento`,`mesa_idMesa`) VALUES
("DJB79FXP0DY","Ralph","546-3452 Et, St.",1,"2020-12-09 13:52:41",12);
INSERT INTO `votante` (`
idVotante`,`nombre
`,`direccion`,`mexicano`,`fechaNacimiento`,`mesa_idMesa`) VALUES
("ZHZ23EHG8PH","Yuri","7482 Sociis Road",1,"2019-12-21 11:53:38",18);
INSERT INTO `votante` (`
idVotante`,`nombre
`,`direccion`,`mexicano`,`fechaNacimiento`,`mesa_idMesa`) VALUES
("TPN91BNF7XL","Virginia","3203 Sed Ave",0,"2019-12-14 17:10:04",21);
INSERT INTO `votante` (`
idVotante`,`nombre
`,`direccion`,`mexicano`,`fechaNacimiento`,`mesa_idMesa`) VALUES
("KUZ79BHO4VV","Zahir","9177 Ornare Street",1,"2020-06-29 21:57:49",35);
INSERT INTO `votante` (`
idVotante`,`nombre
`,`direccion`,`mexicano`,`fechaNacimiento`,`mesa_idMesa`) VALUES
("ZBX63NWS1IF","Ira","Ap #613-3420 Turpis Av.",0,"2020-11-20 04:52:42",26);
INSERT INTO `votante` (`
idVotante`,`nombre
`,`direccion`,`mexicano`,`fechaNacimiento`,`mesa_idMesa`) VALUES
("OWK28DQL9AH","Sierra","8350 Vestibulum St.",1,"2019-05-29 04:29:47",29);
INSERT INTO `votante` (`
idVotante`,`nombre
`,`direccion`,`mexicano`,`fechaNacimiento`,`mesa_idMesa`) VALUES
("OUV44DFX6WQ","Axel","P.O. Box 374, 6172 Auctor, St.",1,"2019-11-03 23:20:03",26);
INSERT INTO `votante` (`
idVotante`,`nombre
`,`direccion`,`mexicano`,`fechaNacimiento`,`mesa_idMesa`) VALUES
("GRM21CBI0SP","Phyllis","489-5926 Tempus, Street",0,"2020-12-13 23:26:32",36);
INSERT INTO `votante` (`
idVotante`,`nombre
`,`direccion`,`mexicano`,`fechaNacimiento`,`mesa_idMesa`) VALUES
("FTR07WEB0UR","Desiree","P.O. Box 696, 4343 Interdum St.",0,"2019-12-16 09:27:10",24);
INSERT INTO `votante` (`
idVotante`,`nombre
`,`direccion`,`mexicano`,`fechaNacimiento`,`mesa_idMesa`) VALUES
("PHS24EJI9AY","Susan","P.O. Box 352, 9957 Diam St.",1,"2019-03-31 21:57:52",3);
INSERT INTO `votante` (`
idVotante`,`nombre
`,`direccion`,`mexicano`,`fechaNacimiento`,`mesa_idMesa`) VALUES
("PVA05ZZC4AX","Uta","Ap #130-4275 Cras Av.",1,"2020-11-10 22:52:18",4);
INSERT INTO `votante` (`
idVotante`,`nombre
`,`direccion`,`mexicano`,`fechaNacimiento`,`mesa_idMesa`) VALUES
("BPP36RGY3HP","Zachery","Ap #386-9509 Sed Ave",0,"2020-07-23 17:32:26",32);
INSERT INTO `votante` (`
idVotante`,`nombre
`,`direccion`,`mexicano`,`fechaNacimiento`,`mesa_idMesa`) VALUES
("ZPV69AKV8EM","Daquan","8934 Cubilia St.",0,"2020-11-02 20:05:26",32);
INSERT INTO `votante` (`
idVotante`,`nombre
`,`direccion`,`mexicano`,`fechaNacimiento`,`mesa_idMesa`) VALUES
("KYF40RIG8AL","Akeem","844-3844 In, Rd.",0,"2019-06-23 00:56:26",26);
INSERT INTO `votante` (`
idVotante`,`nombre
`,`direccion`,`mexicano`,`fechaNacimiento`,`mesa_idMesa`) VALUES
("UFI50EYD4WC","Avram","2402 Egestas St.",0,"2019-11-14 09:00:08",5);
INSERT INTO `votante` (`
idVotante`,`nombre
`,`direccion`,`mexicano`,`fechaNacimiento`,`mesa_idMesa`) VALUES
("ESM30BHF5LF","Angela","P.O. Box 884, 7109 Porta Rd.",1,"2020-12-22 19:50:22",14);
INSERT INTO `votante` (`
idVotante`,`nombre
`,`direccion`,`mexicano`,`fechaNacimiento`,`mesa_idMesa`) VALUES
("EOX43GPK5ZT","Hilary","800-2736 In, St.",1,"2019-09-27 08:06:12",15);
INSERT INTO `votante` (`
idVotante`,`nombre
`,`direccion`,`mexicano`,`fechaNacimiento`,`mesa_idMesa`) VALUES
("XXP47HMM7QA","Kevin","8053 Laoreet St.",0,"2019-08-21 22:16:09",6);
INSERT INTO `votante` (`
idVotante`,`nombre
`,`direccion`,`mexicano`,`fechaNacimiento`,`mesa_idMesa`) VALUES
("BAS06ODY0DH","Gabriel","2085 Elit. Ave",1,"2019-09-18 02:14:21",26);
INSERT INTO `votante` (`
idVotante`,`nombre
`,`direccion`,`mexicano`,`fechaNacimiento`,`mesa_idMesa`) VALUES
("XEC49CNI2OY","Noel","725-974 Lobortis St.",0,"2021-02-04 21:15:01",37);
INSERT INTO `votante` (`
idVotante`,`nombre
`,`direccion`,`mexicano`,`fechaNacimiento`,`mesa_idMesa`) VALUES
("AAH47JUK6SS","Giselle","8599 Sit Rd.",0,"2019-09-02 01:45:02",21);
INSERT INTO `votante` (`
idVotante`,`nombre
`,`direccion`,`mexicano`,`fechaNacimiento`,`mesa_idMesa`) VALUES
("QYE75YPS6VQ","Halla","428-1343 Facilisis Street",1,"2020-08-02 04:23:10",27);
INSERT INTO `votante` (`
idVotante`,`nombre
`,`direccion`,`mexicano`,`fechaNacimiento`,`mesa_idMesa`) VALUES
("TBO92NQN1DC","Samson","871-3210 Fusce Avenue",0,"2020-02-20 21:39:59",27);
INSERT INTO `votante` (`
idVotante`,`nombre
`,`direccion`,`mexicano`,`fechaNacimiento`,`mesa_idMesa`) VALUES
("VKB98PBL1FR","Marshall","P.O. Box 383, 6012 Nisi. Ave",1,"2020-09-13 15:02:25",8);
INSERT INTO `votante` (`
idVotante`,`nombre
`,`direccion`,`mexicano`,`fechaNacimiento`,`mesa_idMesa`) VALUES
("JVS34XLJ2XW","Carl","Ap #182-2105 Suspendisse Street",1,"2020-06-16 20:36:52",7);
INSERT INTO `votante` (`
idVotante`,`nombre
`,`direccion`,`mexicano`,`fechaNacimiento`,`mesa_idMesa`) VALUES
("OUH71APJ8UG","Chanda","P.O. Box 385, 2554 Semper Rd.",0,"2020-08-10 07:58:25",5);
INSERT INTO `votante` (`
idVotante`,`nombre
`,`direccion`,`mexicano`,`fechaNacimiento`,`mesa_idMesa`) VALUES
("MGI84OTS2RP","Brian","Ap #484-3808 Eget Ave",1,"2020-07-29 20:46:10",40);
INSERT INTO `votante` (`
idVotante`,`nombre
`,`direccion`,`mexicano`,`fechaNacimiento`,`mesa_idMesa`) VALUES
("XCF07KKX7LU","Serena","7746 Tincidunt, Rd.",0,"2019-05-31 13:42:31",10);
----------------------------------------------------------------
------------------------Partido---------------------------------
----------------------------------------------------------------
INSERT INTO `partido` (`siglas`, `nombre`, `presidente_idVotante`) VALUES ("PRI", "Partido Revolucionario Independiente", "AAH47JUK6SS");
INSERT INTO `partido` (`siglas`, `nombre`, `presidente_idVotante`) VALUES ("PAN", "Partido Accion Nacional", "ASV65MBO9DT"); 
INSERT INTO `partido` (`siglas`, `nombre`, `presidente_idVotante`) VALUES ("MORENA", "La Esperanza de México", "BPP36RGY3HP");
INSERT INTO `partido` (`siglas`, `nombre`, `presidente_idVotante`) VALUES ("BBY", "Ballenitas en la Bahía Yuna", "BOD33QAA8NU");
INSERT INTO `partido` (`siglas`, `nombre`, `presidente_idVotante`) VALUES ("QUADRI", "Movimiento Naranja", "BJM56VDT5PN");
----------------------------------------------------------------
----------------------listaNominal------------------------------
----------------------------------------------------------------
INSERT INTO `listanominal` (`Votante_idVotante`, `partido_siglas`, `orden`) VALUES ("DXB40YAE3GY", "PRI", 1);
INSERT INTO `listanominal` (`Votante_idVotante`, `partido_siglas`, `orden`) VALUES ("ECD25OYX9GP", "PAN", 1);
INSERT INTO `listanominal` (`Votante_idVotante`, `partido_siglas`, `orden`) VALUES ("FTR07WEB0UR", "MORENA", 1);
INSERT INTO `listanominal` (`Votante_idVotante`, `partido_siglas`, `orden`) VALUES ("GCM61GXP5ZP", "BBY", 1);
INSERT INTO `listanominal` (`Votante_idVotante`, `partido_siglas`, `orden`) VALUES ("BPP36RGY3HP", "QUADRI", 1);
INSERT INTO `listanominal` (`Votante_idVotante`, `partido_siglas`, `orden`) VALUES ("CIW87GBF9SJ", "PRI", 2);
INSERT INTO `listanominal` (`Votante_idVotante`, `partido_siglas`, `orden`) VALUES ("CZX48MSJ7CU", "PAN", 2);
INSERT INTO `listanominal` (`Votante_idVotante`, `partido_siglas`, `orden`) VALUES ("DXB40YAE3GY", "MORENA", 2);
INSERT INTO `listanominal` (`Votante_idVotante`, `partido_siglas`, `orden`) VALUES ("ECD25OYX9GP", "BBY", 2);
INSERT INTO `listanominal` (`Votante_idVotante`, `partido_siglas`, `orden`) VALUES ("FTR07WEB0UR", "QUADRI", 2);
INSERT INTO `listanominal` (`Votante_idVotante`, `partido_siglas`, `orden`) VALUES ("GRM21CBI0SP", "PRI", 3);
INSERT INTO `listanominal` (`Votante_idVotante`, `partido_siglas`, `orden`) VALUES ("GYZ12TOC7AZ", "PAN", 3);
INSERT INTO `listanominal` (`Votante_idVotante`, `partido_siglas`, `orden`) VALUES ("HOC05ZZB5JZ", "MORENA", 3);
INSERT INTO `listanominal` (`Votante_idVotante`, `partido_siglas`, `orden`) VALUES ("IZR26XZX7AN", "BBY", 3);
INSERT INTO `listanominal` (`Votante_idVotante`, `partido_siglas`, `orden`) VALUES ("JGB55HNK6RS", "QUADRI", 3 );
INSERT INTO `listanominal` (`Votante_idVotante`, `partido_siglas`, `orden`) VALUES ("JTV07XNX0GJ", "PRI", 4);
INSERT INTO `listanominal` (`Votante_idVotante`, `partido_siglas`, `orden`) VALUES ("KYF40RIG8AL", "PAN", 4);
INSERT INTO `listanominal` (`Votante_idVotante`, `partido_siglas`, `orden`) VALUES ("LAG70DQE9QP", "MORENA", 4);
INSERT INTO `listanominal` (`Votante_idVotante`, `partido_siglas`, `orden`) VALUES ("LWR40CJO7FR", "BBY", 4);
INSERT INTO `listanominal` (`Votante_idVotante`, `partido_siglas`, `orden`) VALUES ("MVY28FXW9VJ", "QUADRI", 4);
----------------------------------------------------------------
------------------------apoderado-------------------------------
----------------------------------------------------------------
INSERT INTO `apoderado` (`idApoderado`, `nombre`, `Partido_siglas`) VALUES ("1", "Moises", "PRI");
INSERT INTO `apoderado` (`idApoderado`, `nombre`, `Partido_siglas`) VALUES ("2", "Daniel", "PRI");
INSERT INTO `apoderado` (`idApoderado`, `nombre`, `Partido_siglas`) VALUES ("3", "Camila", "PRI");

INSERT INTO `apoderado` (`idApoderado`, `nombre`, `Partido_siglas`) VALUES ("4", "Gabriel", "PAN");
INSERT INTO `apoderado` (`idApoderado`, `nombre`, `Partido_siglas`) VALUES ("5", "Totoro", "PAN");
INSERT INTO `apoderado` (`idApoderado`, `nombre`, `Partido_siglas`) VALUES ("6", "Luis", "PAN");

INSERT INTO `apoderado` (`idApoderado`, `nombre`, `Partido_siglas`) VALUES ("7", "Diego", "MORENA");
INSERT INTO `apoderado` (`idApoderado`, `nombre`, `Partido_siglas`) VALUES ("8", "Simon", "MORENA");
INSERT INTO `apoderado` (`idApoderado`, `nombre`, `Partido_siglas`) VALUES ("9", "Christian", "MORENA");

INSERT INTO `apoderado` (`idApoderado`, `nombre`, `Partido_siglas`) VALUES ("10", "Alberto", "BBY");
INSERT INTO `apoderado` (`idApoderado`, `nombre`, `Partido_siglas`) VALUES ("11", "Sergio", "BBY");
INSERT INTO `apoderado` (`idApoderado`, `nombre`, `Partido_siglas`) VALUES ("12", "Sebastian", "BBY");

INSERT INTO `apoderado` (`idApoderado`, `nombre`, `Partido_siglas`) VALUES ("13", "Gonzalo", "QUADRI");
INSERT INTO `apoderado` (`idApoderado`, `nombre`, `Partido_siglas`) VALUES ("14", "Alberto", "QUADRI");
INSERT INTO `apoderado` (`idApoderado`, `nombre`, `Partido_siglas`) VALUES ("15", "Alejandro", "QUADRI");
---------------------------------------------------------------
------------------------MUNICIPALES----------------------------
---------------------------------------------------------------
INSERT INTO `municipales` (`Eleccion_idEleccion`,`Partido_siglas`,`noVotos`) VALUES ("70","PRI",30);
INSERT INTO `municipales` (`Eleccion_idEleccion`,`Partido_siglas`,`noVotos`) VALUES ("70","QUADRI",24);
INSERT INTO `municipales` (`Eleccion_idEleccion`,`Partido_siglas`,`noVotos`) VALUES ("70","MORENA",17);
INSERT INTO `municipales` (`Eleccion_idEleccion`,`Partido_siglas`,`noVotos`) VALUES ("70","PAN",20);
INSERT INTO `municipales` (`Eleccion_idEleccion`,`Partido_siglas`,`noVotos`) VALUES ("70","BBY",9);

INSERT INTO `municipales` (`Eleccion_idEleccion`,`Partido_siglas`,`noVotos`) VALUES ("68","QUADRI",22);
INSERT INTO `municipales` (`Eleccion_idEleccion`,`Partido_siglas`,`noVotos`) VALUES ("68","MORENA",14);
INSERT INTO `municipales` (`Eleccion_idEleccion`,`Partido_siglas`,`noVotos`) VALUES ("68","PAN",9);
INSERT INTO `municipales` (`Eleccion_idEleccion`,`Partido_siglas`,`noVotos`) VALUES ("68","PRI",18);
INSERT INTO `municipales` (`Eleccion_idEleccion`,`Partido_siglas`,`noVotos`) VALUES ("68","BBY",37);

INSERT INTO `municipales` (`Eleccion_idEleccion`,`Partido_siglas`,`noVotos`) VALUES ("64","PRI",24);
INSERT INTO `municipales` (`Eleccion_idEleccion`,`Partido_siglas`,`noVotos`) VALUES ("64","BBY",10);
INSERT INTO `municipales` (`Eleccion_idEleccion`,`Partido_siglas`,`noVotos`) VALUES ("64","PAN",6);
INSERT INTO `municipales` (`Eleccion_idEleccion`,`Partido_siglas`,`noVotos`) VALUES ("64","MORENA",44);
INSERT INTO `municipales` (`Eleccion_idEleccion`,`Partido_siglas`,`noVotos`) VALUES ("64","QUADRI",16);

INSERT INTO `municipales` (`Eleccion_idEleccion`,`Partido_siglas`,`noVotos`) VALUES ("66","PAN",4);
INSERT INTO `municipales` (`Eleccion_idEleccion`,`Partido_siglas`,`noVotos`) VALUES ("66","BBY",14);
INSERT INTO `municipales` (`Eleccion_idEleccion`,`Partido_siglas`,`noVotos`) VALUES ("66","MORENA",30);
INSERT INTO `municipales` (`Eleccion_idEleccion`,`Partido_siglas`,`noVotos`) VALUES ("66","QUADRI",22);
INSERT INTO `municipales` (`Eleccion_idEleccion`,`Partido_siglas`,`noVotos`) VALUES ("66","PRI",30);
---------------------------------------------------------------
--------------------------FEDERALES----------------------------
---------------------------------------------------------------
INSERT INTO `federales` (`Eleccion_idEleccion`,`Partido_siglas`,`noVotos`) VALUES (66,"PRI",30);
INSERT INTO `federales` (`Eleccion_idEleccion`,`Partido_siglas`,`noVotos`) VALUES (66,"QUADRI",24);
INSERT INTO `federales` (`Eleccion_idEleccion`,`Partido_siglas`,`noVotos`) VALUES (66,"MORENA",17);
INSERT INTO `federales` (`Eleccion_idEleccion`,`Partido_siglas`,`noVotos`) VALUES (66,"PAN",20);
INSERT INTO `federales` (`Eleccion_idEleccion`,`Partido_siglas`,`noVotos`) VALUES (66,"BBY",9);

INSERT INTO `federales` (`Eleccion_idEleccion`,`Partido_siglas`,`noVotos`) VALUES (64,"QUADRI",22);
INSERT INTO `federales` (`Eleccion_idEleccion`,`Partido_siglas`,`noVotos`) VALUES (64,"MORENA",14);
INSERT INTO `federales` (`Eleccion_idEleccion`,`Partido_siglas`,`noVotos`) VALUES (64,"PAN",9);
INSERT INTO `federales` (`Eleccion_idEleccion`,`Partido_siglas`,`noVotos`) VALUES (64,"PRI",18);
INSERT INTO `federales` (`Eleccion_idEleccion`,`Partido_siglas`,`noVotos`) VALUES (64,"BBY",37);

INSERT INTO `federales` (`Eleccion_idEleccion`,`Partido_siglas`,`noVotos`) VALUES (68,"PRI",24);
INSERT INTO `federales` (`Eleccion_idEleccion`,`Partido_siglas`,`noVotos`) VALUES (68,"BBY",10);
INSERT INTO `federales` (`Eleccion_idEleccion`,`Partido_siglas`,`noVotos`) VALUES (68,"PAN",6);
INSERT INTO `federales` (`Eleccion_idEleccion`,`Partido_siglas`,`noVotos`) VALUES (68,"MORENA",44);
INSERT INTO `federales` (`Eleccion_idEleccion`,`Partido_siglas`,`noVotos`) VALUES (68,"QUADRI",16);

INSERT INTO `federales` (`Eleccion_idEleccion`,`Partido_siglas`,`noVotos`) VALUES (70,"PAN",4);
INSERT INTO `federales` (`Eleccion_idEleccion`,`Partido_siglas`,`noVotos`) VALUES (70,"BBY",14);
INSERT INTO `federales` (`Eleccion_idEleccion`,`Partido_siglas`,`noVotos`) VALUES (70,"MORENA",30);
INSERT INTO `federales` (`Eleccion_idEleccion`,`Partido_siglas`,`noVotos`) VALUES (70,"QUADRI",22);
INSERT INTO `federales` (`Eleccion_idEleccion`,`Partido_siglas`,`noVotos`) VALUES (70,"PRI",30);